"FIPS","State","County","Median.Household.Income","X..Uninsured","X..Rural","Life.Expectancy","Year","Health_Outcomes_Rank","Health_Factors_Rank","Length_of_Life_Rank","Clinical_Care_Rank","Socioeconomic_Rank","YPLL_Rate","YPLL_Black","YPLL_White","Percent_Poor_Health","Percent_Low_Birthweight"
1001,"Alabama","Autauga",58233,4379,22921,77.2,2021,6,9,"5",18,5,7830,10729,7245,20,9
1003,"Alabama","Baldwin",59871,20981,77060,78.2,2021,2,3,"4",7,2,7680,10269,7708,16,8
1005,"Alabama","Barbour",35972,2145,18613,74.1,2021,51,59,"44",38,62,11477,13846,9424,30,11
1007,"Alabama","Bibb",47918,1641,15663,73.4,2021,45,42,"52",36,46,12173,13027,12377,24,10
1013,"Alabama","Butler",39944,1720,14921,74.2,2021,57,55,"56",57,55,12848,13158,13128,28,12
1015,"Alabama","Calhoun",47747,9516,39955,73.5,2021,36,19,"42",17,28,11327,10559,11837,24,9
1017,"Alabama","Chambers",42015,2913,16816,75,2021,43,36,"25",35,31,10371,9759,10550,25,13
1021,"Alabama","Chilton",49692,5484,37858,74.9,2021,18,39,"19",47,24,10109,10080,10549,24,9
1023,"Alabama","Choctaw",39808,1221,13859,74.7,2021,48,49,"40",29,48,11232,13268,9734,26,11
1025,"Alabama","Clarke",43822,2220,19628,74.6,2021,50,58,"41",41,61,11294,13839,9219,27,13
1031,"Alabama","Coffee",57299,4963,23573,76.4,2021,8,13,"8",20,9,8355,10354,8768,22,9
1033,"Alabama","Colbert",46683,4630,23891,74.6,2021,24,16,"27",13,17,10467,11544,10602,22,11
1035,"Alabama","Conecuh",41539,1088,10708,73.1,2021,61,60,"58",63,56,13182,16272,10382,29,14
1039,"Alabama","Covington",44836,3242,26304,73.7,2021,42,34,"47",54,27,11526,14045,11428,23,10
1041,"Alabama","Crenshaw",43309,1285,13906,74.4,2021,27,41,"26",49,40,10407,9031,11483,25,10
1045,"Alabama","Dale",45120,4087,25572,75.3,2021,13,18,"23",16,18,10261,11592,10383,22,8
1047,"Alabama","Dallas",34034,3273,19999,72.2,2021,63,62,"63",27,64,13776,14573,11564,30,14
1051,"Alabama","Elmore",62310,5894,42973,76.3,2021,7,11,"7",15,6,8112,10818,7676,19,9
1053,"Alabama","Escambia",42712,3789,24337,73.4,2021,49,53,"49",64,52,11843,13682,11145,28,10
1055,"Alabama","Etowah",43047,9542,39144,73.3,2021,32,24,"45",43,22,11495,13447,11467,22,9
1061,"Alabama","Geneva",43089,2752,24015,73.7,2021,47,48,"50",48,33,11998,15297,12283,26,8
1065,"Alabama","Hale",40745,1228,14053,72.8,2021,59,56,"62",58,54,13672,15630,10844,29,12
1067,"Alabama","Henry",48597,1693,15183,76,2021,17,21,"16",31,38,9576,11637,8915,23,10
1069,"Alabama","Houston",50138,10258,34327,76.1,2021,16,15,"13",6,19,9244,13201,7761,23,11
1073,"Alabama","Jefferson",54127,56046,64752,74.6,2021,20,6,"35",3,14,11082,13544,9390,20,11
1077,"Alabama","Lauderdale",48188,7919,45701,76.6,2021,9,7,"10",9,12,8624,11823,8371,20,10
1079,"Alabama","Lawrence",47797,3444,31348,74.1,2021,31,37,"46",56,37,11511,15882,11894,24,8
1081,"Alabama","Lee",54160,13669,38441,77.9,2021,5,4,"2",10,4,7241,11170,6276,20,9
1083,"Alabama","Limestone",64729,7948,47690,77.7,2021,4,8,"3",11,7,7447,7767,7776,20,9
1089,"Alabama","Madison",68609,26571,55048,77.7,2021,3,2,"6",1,3,8089,9802,8002,18,10
1091,"Alabama","Marengo",38838,1479,14575,72.3,2021,55,40,"60",14,51,13500,14394,10160,27,12
1097,"Alabama","Mobile",49492,42026,82682,75.2,2021,22,22,"24",30,34,10290,12756,9168,21,12
1099,"Alabama","Monroe",40005,2127,18234,74.3,2021,53,57,"53",42,58,12250,16732,8661,28,12
1101,"Alabama","Montgomery",52711,20582,24063,76.5,2021,19,12,"14",5,15,9500,11266,7236,23,13
1103,"Alabama","Morgan",54355,11873,46120,75.3,2021,11,10,"17",22,10,9710,13083,9728,20,9
1107,"Alabama","Pickens",40249,1616,19746,76.2,2021,25,32,"11",21,47,8848,9857,8161,27,13
1109,"Alabama","Pike",41271,3470,17002,75,2021,30,26,"31",40,42,10633,13968,8345,25,11
1111,"Alabama","Randolph",42922,2169,18638,73.6,2021,46,44,"54",50,41,12343,15000,12040,24,9
1113,"Alabama","Russell",43670,5487,18748,73.7,2021,38,28,"39",24,23,11200,11551,11558,25,11
1115,"Alabama","St. Clair",65403,7782,60853,75.5,2021,12,14,"12",34,11,9242,7691,9695,21,9
1117,"Alabama","Shelby",77801,13577,44762,80.7,2021,1,1,"1",2,1,5942,7106,5926,15,7
1121,"Alabama","Talladega",47719,7071,45931,73.3,2021,52,38,"51",44,44,12029,12461,12181,27,11
1123,"Alabama","Tallapoosa",47100,3432,30890,74.7,2021,41,23,"22",12,43,10208,13214,9162,25,14
1125,"Alabama","Tuscaloosa",52307,16171,49653,76.7,2021,10,5,"9",4,8,8535,10848,7472,21,11
1127,"Alabama","Walker",45991,6104,49656,70.5,2021,62,35,"65",25,32,14797,14458,15196,24,11
1129,"Alabama","Washington",48864,1655,17581,75.7,2021,40,50,"21",60,53,10145,9110,9182,26,12
2020,"Alaska","Anchorage",82512,25603,12015,79.3,2021,9,4,"7",3,7,7599,9877,6135,14,6
2090,"Alaska","Fairbanks North Star",74076,8606,30124,80.5,2021,6,3,"4",2,3,6820,5994,5840,14,6
4013,"Arizona","Maricopa",68634,381608,90229,80.5,2021,2,3,"3",2,4,6461,9539,6268,18,7
4015,"Arizona","Mohave",49712,15452,45970,76,2021,11,11,"11",10,9,10068,10986,10483,23,7
4019,"Arizona","Pima",56150,84056,73750,79.5,2021,6,4,"6",1,5,7533,10720,7572,18,7
4021,"Arizona","Pinal",62067,32784,82311,82.6,2021,7,8,"4",6,6,6942,8361,6695,22,7
4027,"Arizona","Yuma",47024,18191,20416,82.9,2021,1,13,"2",12,14,6291,9517,8087,26,6
5001,"Arkansas","Arkansas",52539,1073,6601,74.2,2021,47,21,"44",30,24,10791,12825,10081,28,10
5003,"Arkansas","Ashley",47744,1333,11294,75,2021,54,57,"32",54,54,9989,14037,8897,28,12
5007,"Arkansas","Benton",70775,19594,55689,79.9,2021,1,1,"1",3,1,6080,5912,6707,20,7
5011,"Arkansas","Bradley",39982,872,5707,73,2021,64,42,"65",45,53,12357,18952,9788,29,10
5017,"Arkansas","Chicot",37014,598,6405,72.7,2021,70,72,"71",39,74,13710,14783,13085,32,11
5019,"Arkansas","Clark",44105,1217,12504,76.4,2021,9,6,"10",6,11,8398,11820,7383,23,9
5027,"Arkansas","Columbia",42964,1527,14114,75.5,2021,38,43,"23",25,43,9430,14053,6892,27,12
5031,"Arkansas","Craighead",47766,7462,31024,77,2021,16,9,"7",2,8,8150,11670,7911,23,10
5035,"Arkansas","Crittenden",41976,2953,10632,72.8,2021,71,49,"70",14,62,13013,14394,11695,30,14
5037,"Arkansas","Cross",45273,1065,10148,72.8,2021,65,55,"66",68,44,12394,14176,11949,27,11
5041,"Arkansas","Desha",37005,804,4087,72.8,2021,73,73,"67",73,65,12617,13789,13447,33,15
5043,"Arkansas","Drew",44162,1027,8997,75.4,2021,42,35,"51",48,41,11060,13356,10892,25,10
5045,"Arkansas","Faulkner",58482,7508,43891,76.7,2021,4,5,"6",8,3,8034,10207,7909,21,7
5051,"Arkansas","Garland",45786,6879,35436,75,2021,36,11,"47",7,21,10905,15580,10846,23,9
5057,"Arkansas","Hempstead",40867,1661,12609,75.9,2021,40,40,"29",57,28,9830,9706,11444,29,9
5059,"Arkansas","Hot Spring",45860,1833,21719,74,2021,48,24,"56",27,29,11518,15713,11091,24,10
5061,"Arkansas","Howard",41427,1086,9310,73.6,2021,39,44,"48",53,18,10976,18280,9861,28,8
5067,"Arkansas","Jackson",38636,859,11709,73.7,2021,63,70,"41",43,72,10712,11909,10791,30,10
5069,"Arkansas","Jefferson",40555,3466,23940,73.5,2021,67,61,"68",24,67,12834,14051,11681,28,13
5073,"Arkansas","Lafayette",37164,473,7645,76,2021,37,66,"27",56,66,9634,12449,8067,29,10
5077,"Arkansas","Lee",30421,413,6620,74.6,2021,68,74,"58",67,73,11636,11060,13043,34,12
5079,"Arkansas","Lincoln",44272,664,14134,74.4,2021,41,65,"43",70,63,10783,8999,12141,29,8
5085,"Arkansas","Lonoke",62782,4199,30632,75.4,2021,12,12,"17",20,5,9170,13883,9373,21,8
5091,"Arkansas","Miller",50905,2669,17390,74.2,2021,53,41,"57",18,36,11524,13170,10867,26,10
5093,"Arkansas","Mississippi",39990,2360,16857,71.3,2021,72,68,"73",51,68,14112,18393,11645,30,11
5095,"Arkansas","Monroe",34289,402,5621,69.7,2021,74,69,"75",40,69,18263,18338,17902,32,12
5103,"Arkansas","Ouachita",46393,1334,14719,73.6,2021,60,50,"55",15,50,11415,12245,11145,29,11
5107,"Arkansas","Phillips",31521,1034,10436,71.1,2021,75,75,"74",65,75,15856,17843,11958,33,13
5111,"Arkansas","Poinsett",40536,1541,17488,71.4,2021,69,63,"72",49,52,14035,16216,14318,28,10
5119,"Arkansas","Pulaski",52684,24287,46989,76.3,2021,18,4,"26",1,9,9605,12788,7986,23,11
5123,"Arkansas","St. Francis",34389,1323,14568,75.2,2021,66,71,"46",23,71,10893,12342,10148,31,13
5125,"Arkansas","Saline",66944,6143,38734,77.3,2021,3,2,"9",10,2,8230,8317,8555,19,8
5131,"Arkansas","Sebastian",48945,12536,26170,76.2,2021,19,15,"15",11,17,9121,11467,10184,26,8
5139,"Arkansas","Union",46602,2492,22695,72.7,2021,62,38,"69",22,48,12933,17666,10555,25,10
5143,"Arkansas","Washington",52158,22033,51771,78.3,2021,2,3,"2",9,4,6775,8882,7113,23,8
5145,"Arkansas","White",46388,5288,41866,75.8,2021,13,32,"13",38,34,8790,11401,9038,23,8
6001,"California","Alameda",107589,63772,5869,83.1,2021,14,6,"7",8,12,4341,9980,4088,15,7
6007,"California","Butte",58394,12789,41584,77.9,2021,35,30,"43",39,26,7578,9503,8052,19,6
6013,"California","Contra Costa",106555,50205,8316,82.5,2021,15,7,"11",12,9,4619,9093,4645,15,7
6019,"California","Fresno",56926,68300,100537,78.9,2021,46,51,"37",38,52,7008,13471,7391,25,8
6023,"California","Humboldt",51134,8076,40062,77.1,2021,45,29,"50",35,25,8733,11171,8193,18,6
6025,"California","Imperial",48102,10791,30399,81.9,2021,27,58,"23",51,58,5980,5114,10311,29,6
6029,"California","Kern",53245,60173,85693,77.5,2021,53,56,"48",52,55,8031,13587,9495,27,7
6031,"California","Kings",57297,8898,16601,79.7,2021,33,53,"32",50,48,6595,7104,7560,25,6
6037,"California","Los Angeles",72721,806801,59424,82.4,2021,22,31,"17",47,34,5005,9851,4946,21,7
6039,"California","Madera",61105,11910,49672,79.7,2021,36,55,"33",49,51,6778,7363,7951,26,6
6041,"California","Marin",112069,8366,16457,85.4,2021,1,1,"1",1,3,3239,7438,3105,12,6
6047,"California","Merced",59733,18960,36510,79.2,2021,38,54,"31",54,54,6593,14779,7915,28,6
6053,"California","Monterey",76509,38932,40742,82.7,2021,20,35,"18",44,43,5072,5570,5489,24,6
6059,"California","Orange",95761,197867,4315,83.2,2021,6,9,"5",17,10,4144,5581,4776,17,6
6061,"California","Placer",97688,12639,48039,82.4,2021,3,2,"9",2,1,4471,5369,4780,13,6
6065,"California","Riverside",72905,169108,101212,80.9,2021,25,32,"22",45,30,5842,8588,6834,20,7
6067,"California","Sacramento",71891,72048,29257,79.6,2021,26,24,"27",21,23,6382,10713,6431,18,7
6071,"California","San Bernardino",67398,154414,96357,78.8,2021,43,40,"35",55,33,6846,10760,8388,24,7
6073,"California","San Diego",83576,228064,102054,82.2,2021,13,18,"12",27,15,4634,7688,4875,16,7
6075,"California","San Francisco",121795,33312,0,84,2021,7,5,"6",4,14,4315,12924,3833,13,7
6077,"California","San Joaquin",68458,45305,58065,78.6,2021,39,43,"41",34,45,7275,13814,8028,22,7
6079,"California","San Luis Obispo",76599,14223,44750,81.7,2021,16,12,"19",7,6,5153,3945,5458,15,6
6081,"California","San Mateo",135234,28568,13586,85,2021,2,3,"2",3,2,3297,6770,3629,13,7
6083,"California","Santa Barbara",74530,37816,21269,82,2021,18,19,"20",20,22,5200,7609,5768,19,7
6085,"California","Santa Clara",132444,76638,19307,84.9,2021,4,4,"3",5,4,3494,6578,3833,14,7
6089,"California","Shasta",61464,8830,51902,76.2,2021,49,26,"52",19,28,9067,12261,9306,17,6
6095,"California","Solano",85704,19052,15370,80.2,2021,23,21,"25",23,18,6159,10369,6532,17,7
6097,"California","Sonoma",87084,29232,59776,82.2,2021,8,11,"15",14,5,4803,6916,5217,15,6
6099,"California","Stanislaus",62761,29586,41057,78.2,2021,34,39,"40",41,38,7117,12207,8407,22,6
6107,"California","Tulare",56776,31986,68449,78.7,2021,47,57,"36",46,57,6953,12514,8396,28,7
6111,"California","Ventura",91446,61204,25725,82.5,2021,12,16,"13",24,16,4654,5792,5055,18,6
6113,"California","Yolo",70951,11368,13918,81.7,2021,10,13,"10",11,19,4617,9066,5039,18,6
6115,"California","Yuba",56607,4632,18921,75.7,2021,52,45,"54",56,37,9488,12506,11173,21,7
8001,"Colorado","Adams",75341,41143,15988,79.4,2021,30,41,"23",36,38,6320,8896,6591,18,9
8005,"Colorado","Arapahoe",82364,42610,9011,81.3,2021,15,20,"12",13,26,5344,7561,5188,14,10
8031,"Colorado","Denver",75456,57628,0,79.9,2021,24,30,"24",10,37,6341,10785,5171,16,9
8041,"Colorado","El Paso",72675,43696,55595,78.9,2021,32,22,"44",17,30,7534,9946,7333,14,10
8059,"Colorado","Jefferson",89696,27630,36864,80.8,2021,12,13,"16",7,15,5488,11353,5326,12,9
8101,"Colorado","Pueblo",51075,10496,22513,76.3,2021,54,54,"55",18,55,10009,14365,9430,20,10
9001,"Connecticut","Fairfield",96966,57062,42028,83,2021,1,3,"1",5,4,4442,7361,4261,12,8
9003,"Connecticut","Hartford",75336,34676,48354,80.2,2021,5,5,"4",2,6,6154,7537,6206,14,9
9007,"Connecticut","Middlesex",81721,4726,40657,81.2,2021,2,1,"3",1,1,5365,6364,5681,11,7
9009,"Connecticut","New Haven",69687,38701,31394,80.1,2021,7,7,"5",6,8,6337,9009,6281,15,8
9011,"Connecticut","New London",75226,10378,70729,79.7,2021,6,6,"6",7,5,6593,7364,7074,14,7
9013,"Connecticut","Tolland",90181,4169,58340,81.5,2021,3,2,"2",4,2,5068,5660,5488,11,7
10001,"Delaware","Kent",58804,8601,43774,77.8,2021,3,3,"3",3,3,8104,9706,7996,21,9
10003,"Delaware","New Castle",76076,23282,24783,78.4,2021,1,1,"1",1,1,7918,10615,7690,17,9
10005,"Delaware","Sussex",64839,12999,81428,78.7,2021,2,2,"2",2,2,8067,10427,8311,19,8
11001,"District of Columbia","District of Columbia",90395,18731,0,79,2021,1,1,"1",1,1,7956,14160,2390,15,10
12001,"Florida","Alachua",49880,22684,52419,79.2,2021,23,5,"12",1,16,6840,10773,6370,18,10
12005,"Florida","Bay",58376,19727,20262,76.4,2021,42,34,"43",34,33,9456,11360,9660,21,8
12007,"Florida","Bradford",47509,2209,21541,75.3,2021,61,53,"54",49,55,10229,7133,11632,25,11
12009,"Florida","Brevard",57582,54043,27573,77.8,2021,31,11,"39",16,12,8904,10899,9353,19,8
12011,"Florida","Broward",61429,239129,296,81.5,2021,10,16,"5",31,18,6142,7508,7468,20,10
12015,"Florida","Charlotte",54756,15629,14213,81.1,2021,25,24,"26",10,29,7982,6337,8581,18,8
12017,"Florida","Citrus",49762,12600,48753,75.7,2021,55,39,"65",24,58,11524,8864,12080,20,9
12019,"Florida","Clay",75776,18889,28570,77.8,2021,21,15,"21",20,7,7703,7174,8446,19,8
12021,"Florida","Collier",76415,50324,27284,86.1,2021,2,6,"3",15,17,5468,7240,6096,18,7
12023,"Florida","Columbia",47087,6027,41908,75.2,2021,59,40,"61",33,38,10763,10897,11361,23,11
12027,"Florida","DeSoto",41673,5746,16121,80.5,2021,36,56,"28",62,60,8070,11803,9840,29,7
12031,"Florida","Duval",58339,99428,25163,76.1,2021,46,27,"49",17,30,9822,12043,9848,20,10
12033,"Florida","Escambia",52822,28187,24709,75.3,2021,47,23,"51",21,28,10070,12840,9767,19,10
12035,"Florida","Flagler",62831,10221,9877,79.4,2021,22,21,"27",14,26,8033,9924,8154,19,8
12039,"Florida","Gadsden",42975,4709,30329,76.6,2021,64,61,"52",46,61,10148,11767,9259,27,12
12047,"Florida","Hamilton",39241,1190,9395,76.2,2021,49,66,"41",55,66,9102,9858,9745,28,10
12051,"Florida","Hendry",45107,8437,14831,78.5,2021,41,67,"33",66,67,8357,12781,11125,32,8
12053,"Florida","Hernando",50705,19016,33476,77.2,2021,39,36,"36",32,40,8789,9164,9585,21,9
12055,"Florida","Highlands",45723,11576,20810,78.3,2021,45,42,"50",42,50,9884,13137,10586,23,9
12057,"Florida","Hillsborough",61133,158801,43181,79.6,2021,12,20,"9",27,19,6589,9426,6720,20,9
12061,"Florida","Indian River",61173,16731,6857,81.2,2021,13,22,"14",8,34,7112,11334,7330,19,8
12063,"Florida","Jackson",40543,3979,37490,74.4,2021,56,48,"63",51,45,11028,10843,11245,25,9
12065,"Florida","Jefferson",47192,1163,14761,77.6,2021,51,44,"45",47,52,9502,12228,7802,22,11
12069,"Florida","Lake",57660,34287,57194,78.8,2021,30,18,"30",5,20,8179,10511,8777,20,9
12071,"Florida","Lee",62364,90101,36013,82.5,2021,15,17,"16",13,23,7347,9416,8275,20,8
12073,"Florida","Leon",55081,25093,33911,79.4,2021,16,19,"8",9,13,6574,9071,5716,17,10
12075,"Florida","Levy",41405,4819,37557,75.5,2021,57,57,"60",52,57,10748,9345,11332,24,9
12079,"Florida","Madison",37919,1723,15381,75.6,2021,65,60,"53",50,62,10194,11792,9844,28,13
12081,"Florida","Manatee",64151,42242,18693,81.7,2021,9,25,"19",22,25,7503,10770,7896,18,7
12083,"Florida","Marion",49079,38242,102796,76.3,2021,54,38,"59",29,47,10705,10934,11540,23,9
12085,"Florida","Martin",70806,15224,12403,82.3,2021,5,7,"11",7,11,6792,8426,7262,16,7
12086,"Florida","Miami-Dade",54991,405504,10095,82.4,2021,4,26,"1",60,24,5186,10216,5942,24,8
12089,"Florida","Nassau",72818,6535,35298,77.6,2021,26,8,"38",4,6,8842,13880,8973,17,8
12091,"Florida","Okaloosa",63520,19451,21878,78,2021,17,10,"23",18,5,7804,9805,7990,18,8
12095,"Florida","Orange",63133,155502,23402,80.6,2021,8,14,"6",30,14,6147,8670,6163,20,9
12097,"Florida","Osceola",52270,41511,21014,79.7,2021,14,29,"7",45,21,6521,7484,8300,24,8
12099,"Florida","Palm Beach",66621,178492,13763,82.6,2021,11,9,"10",6,22,6644,8054,7385,19,8
12101,"Florida","Pasco",55745,54656,43990,77.8,2021,32,30,"35",25,27,8729,8684,9806,20,8
12103,"Florida","Pinellas",56708,100100,2603,79.2,2021,18,13,"29",11,15,8103,11496,8244,18,8
12105,"Florida","Polk",51817,75351,81346,78.6,2021,29,37,"25",35,37,7968,10657,8431,22,9
12107,"Florida","Putnam",41986,8967,41765,73.9,2021,66,65,"66",53,64,12954,18103,12741,26,11
12109,"Florida","St. Johns",90839,18722,45179,81.9,2021,1,1,"2",2,1,5314,9302,5336,14,7
12111,"Florida","St. Lucie",57292,37350,9326,80.5,2021,24,35,"18",41,35,7496,8964,8390,21,8
12113,"Florida","Santa Rosa",66139,15179,31772,77.7,2021,19,12,"17",26,4,7374,6512,7945,18,8
12115,"Florida","Sarasota",66258,38439,16394,82,2021,7,4,"15",3,8,7273,11202,7528,16,7
12117,"Florida","Seminole",69954,43958,13348,80.7,2021,3,2,"4",19,2,6078,9416,6408,17,8
12119,"Florida","Sumter",63464,5039,32664,80.4,2021,28,32,"37",12,48,8823,11463,9297,17,9
12121,"Florida","Suwannee",49453,5025,34557,75.9,2021,50,50,"47",58,41,9714,9557,10346,24,10
12123,"Florida","Taylor",42987,1805,15637,75.7,2021,60,51,"55",48,54,10414,10745,11204,28,10
12125,"Florida","Union",50893,922,10478,68.3,2021,67,49,"67",37,42,17356,15153,18985,28,10
12127,"Florida","Volusia",53554,56326,49179,76.8,2021,40,28,"46",23,31,9522,10361,10487,19,9
12133,"Florida","Washington",42518,2481,21050,72.5,2021,62,58,"64",63,43,11460,10084,12238,27,8
13001,"Georgia","Appling",43821,2372,13028,75.1,2021,105,119,"92",148,101,9868,13316,9734,26,10
13005,"Georgia","Bacon",41807,1448,7688,73.9,2021,111,134,"108",159,96,10293,15257,9888,25,11
13009,"Georgia","Baldwin",44429,4664,16066,74.9,2021,108,86,"109",50,97,10323,12071,9502,24,12
13013,"Georgia","Barrow",68924,10709,20853,76.4,2021,44,42,"61",110,20,8845,10148,9349,20,8
13015,"Georgia","Bartow",60254,13579,35283,76.7,2021,39,43,"45",91,38,8396,9858,8754,20,8
13017,"Georgia","Ben Hill",35931,1848,5996,73,2021,146,152,"135",133,140,11217,12017,11811,26,14
13021,"Georgia","Bibb",43066,17543,22415,74.2,2021,131,65,"132",10,93,11148,13119,9316,23,14
13023,"Georgia","Bleckley",48115,1204,6739,77.6,2021,43,71,"34",56,84,7928,12683,6908,21,8
13027,"Georgia","Brooks",39554,2172,11539,74.2,2021,107,100,"106",143,87,10283,13425,9519,25,11
13029,"Georgia","Bryan",79296,3646,15825,76.3,2021,13,14,"32",11,9,7691,9310,7759,16,8
13031,"Georgia","Bulloch",48788,9038,33903,77.5,2021,49,45,"27",70,33,7478,9667,6842,22,10
13033,"Georgia","Burke",42632,2258,17486,74,2021,145,146,"150",98,148,11843,13516,10975,26,12
13035,"Georgia","Butts",47410,2552,18437,74.3,2021,106,82,"112",78,74,10485,10231,10933,25,10
13039,"Georgia","Camden",58552,5483,15883,78.2,2021,22,34,"37",35,28,8072,10726,7576,18,8
13043,"Georgia","Candler",41665,1589,7365,74.5,2021,132,149,"103",158,111,10154,16458,8335,28,12
13045,"Georgia","Carroll",59193,13126,46228,75.3,2021,56,44,"73",48,45,9327,10891,9489,21,8
13051,"Georgia","Chatham",57122,33735,11944,78.2,2021,42,22,"36",9,27,8047,10061,7076,19,10
13055,"Georgia","Chattooga",41561,2894,14974,73.5,2021,118,133,"133",139,120,11185,15183,11447,25,8
13057,"Georgia","Cherokee",88635,26367,36659,80.3,2021,3,6,"4",18,4,5318,6695,5452,14,7
13059,"Georgia","Clarke",41036,17043,6839,79,2021,41,20,"15",23,44,6904,11061,5901,21,10
13063,"Georgia","Clayton",50737,41718,2303,76.6,2021,74,69,"62",99,81,8852,9047,14493,25,12
13067,"Georgia","Cobb",79622,79642,1694,80.7,2021,6,4,"5",8,7,5436,6706,5445,14,9
13069,"Georgia","Coffee",41675,5692,28202,74.5,2021,110,139,"110",156,110,10452,11711,11214,25,11
13071,"Georgia","Colquitt",41899,7751,26821,74.4,2021,117,132,"119",155,105,10686,14870,10463,27,10
13073,"Georgia","Columbia",88285,11683,20131,80.5,2021,7,5,"7",3,5,5789,5780,6267,15,8
13075,"Georgia","Cook",40670,2322,10226,74.5,2021,101,92,"107",102,90,10290,12403,9892,24,11
13077,"Georgia","Coweta",79232,14745,41929,78.9,2021,9,17,"10",21,11,6320,8473,6217,17,9
13081,"Georgia","Crisp",40482,2587,11023,75.2,2021,149,115,"136",84,126,11243,13409,10529,28,13
13087,"Georgia","Decatur",40473,3471,15724,74.3,2021,109,114,"101",138,106,10108,12620,8587,25,12
13089,"Georgia","DeKalb",63606,96912,1820,80.4,2021,15,25,"16",17,29,7008,8988,4469,18,10
13091,"Georgia","Dodge",41118,2036,15743,76.3,2021,89,101,"94",69,121,9874,11050,9562,24,10
13095,"Georgia","Dougherty",36894,10605,13201,74.4,2021,148,111,"144",47,137,11493,11913,11296,27,14
13097,"Georgia","Douglas",62915,16614,20863,77.8,2021,21,29,"25",72,30,7376,6934,8947,19,10
13099,"Georgia","Early",40011,962,7260,73,2021,154,124,"152",88,124,12042,12901,11139,27,15
13103,"Georgia","Effingham",71628,6440,35035,76.5,2021,30,23,"39",43,14,8170,9930,8102,17,9
13105,"Georgia","Elbert",40962,2355,14241,75.1,2021,95,125,"102",137,107,10146,10136,10627,24,10
13107,"Georgia","Emanuel",38529,2439,15114,72.4,2021,138,155,"146",150,144,11524,12288,11382,27,10
13113,"Georgia","Fayette",94563,8389,19372,81.1,2021,4,2,"6",1,3,5455,7413,5004,13,9
13115,"Georgia","Floyd",50520,11435,35466,75.2,2021,71,51,"88",58,67,9737,13250,9911,22,9
13117,"Georgia","Forsyth",113332,18639,17414,82.3,2021,2,3,"1",6,2,3930,4698,4569,12,7
13119,"Georgia","Franklin",47691,2999,19639,73.9,2021,103,75,"131",112,63,11145,15162,11415,23,9
13121,"Georgia","Fulton",79235,105755,9921,79.6,2021,11,12,"12",4,32,6602,10427,3970,15,11
13127,"Georgia","Glynn",58017,10273,16376,77.4,2021,60,40,"64",54,48,8879,11307,8582,18,12
13131,"Georgia","Grady",42603,3510,15597,76.3,2021,83,87,"82",117,70,9551,12434,8821,24,9
13133,"Georgia","Greene",60973,2039,13235,78.3,2021,64,68,"51",27,88,8472,11206,7370,22,12
13135,"Georgia","Gwinnett",72225,127388,3910,81.2,2021,5,8,"3",49,10,5114,5850,5782,17,9
13139,"Georgia","Hall",66698,30338,36937,79.5,2021,12,30,"11",80,42,6554,8991,7596,21,7
13145,"Georgia","Harris",74052,2783,30962,79.4,2021,10,7,"19",16,6,7046,9971,6549,14,9
13147,"Georgia","Hart",50647,3041,18775,78.4,2021,48,56,"23",76,51,7321,7933,7574,23,9
13151,"Georgia","Henry",72927,23150,28250,77.6,2021,20,15,"24",15,16,7348,8066,7460,17,10
13153,"Georgia","Houston",65641,13858,13937,77.3,2021,24,16,"31",39,17,7682,9230,7399,19,9
13155,"Georgia","Irwin",42317,874,6172,73.4,2021,153,104,"157",97,119,12872,15941,11586,26,13
13157,"Georgia","Jackson",66645,7908,36300,77.3,2021,16,24,"22",28,19,7262,7446,7559,17,8
13163,"Georgia","Jefferson",35379,1902,13657,72.8,2021,139,154,"142",152,150,11449,13295,9906,27,11
13165,"Georgia","Jenkins",32808,930,5513,74.7,2021,124,122,"93",108,141,9873,11109,9810,28,12
13169,"Georgia","Jones",56819,2867,19413,78.3,2021,36,26,"33",34,22,7692,7514,7863,20,8
13171,"Georgia","Lamar",57402,1968,11150,74.7,2021,112,72,"124",77,62,10838,12589,10627,21,12
13175,"Georgia","Laurens",42018,5256,27435,74.1,2021,137,79,"149",14,108,11835,14830,9868,25,11
13177,"Georgia","Lee",72425,2514,10252,76,2021,28,9,"38",5,12,8153,7293,8739,17,9
13179,"Georgia","Liberty",51410,6037,14696,76.1,2021,61,48,"71",36,31,9197,8843,11092,22,9
13183,"Georgia","Long",52051,2550,11765,82.1,2021,26,59,"13",151,35,6638,6618,7739,22,9
13185,"Georgia","Lowndes",46450,14663,29716,76.2,2021,65,46,"68",75,58,8962,11672,7815,22,11
13189,"Georgia","McDuffie",44473,2209,13335,73.3,2021,151,103,"155",25,125,12491,14720,11497,25,12
13191,"Georgia","McIntosh",46682,1667,10651,81.4,2021,97,57,"127",57,72,10963,11735,10856,21,10
13199,"Georgia","Meriwether",43571,2507,18316,74.1,2021,150,142,"154",126,127,12394,14724,11217,25,12
13201,"Georgia","Miller",41769,615,6125,71.3,2021,157,84,"158",135,78,17646,30826,11848,22,10
13205,"Georgia","Mitchell",37383,2543,12809,73.2,2021,144,131,"148",79,143,11707,14318,9744,27,11
13207,"Georgia","Monroe",70488,2657,21200,77.8,2021,58,36,"47",24,39,8417,11649,7799,19,12
13211,"Georgia","Morgan",67089,1875,13467,78.1,2021,27,19,"54",26,23,8508,12801,7803,17,8
13215,"Georgia","Muscogee",47035,20708,5654,74.3,2021,99,53,"122",13,71,10724,13205,8880,21,12
13217,"Georgia","Newton",58222,12988,31231,76.3,2021,55,62,"58",71,52,8671,8680,9300,22,10
13223,"Georgia","Paulding",76580,17683,28540,78.9,2021,8,13,"9",92,8,6270,5723,6772,17,8
13225,"Georgia","Peach",49815,3119,10586,74.6,2021,87,91,"105",95,91,10198,12165,9473,23,10
13233,"Georgia","Polk",47896,5702,21327,73.8,2021,92,102,"120",134,80,10696,18398,10679,23,9
13235,"Georgia","Pulaski",42274,1005,8011,79,2021,96,97,"98",64,92,9955,13429,8077,25,10
13237,"Georgia","Putnam",62282,2679,17175,79.3,2021,31,58,"20",42,77,7079,9071,6589,21,9
13245,"Georgia","Richmond",44810,23018,18483,74.1,2021,129,80,"141",20,114,11403,11718,12490,25,12
13247,"Georgia","Rockdale",60281,10614,12725,77.3,2021,47,39,"42",29,40,8209,8365,9419,21,11
13251,"Georgia","Screven",42331,1531,11517,75.1,2021,93,127,"86",124,132,9711,9629,10293,24,11
13253,"Georgia","Seminole",38618,977,5984,74.3,2021,130,116,"125",146,104,10839,12961,10318,23,13
13255,"Georgia","Spalding",49237,8025,26667,74.7,2021,126,99,"123",60,100,10754,12090,10691,23,13
13257,"Georgia","Stephens",45416,2915,15329,73,2021,91,60,"128",73,66,11054,15209,10794,20,9
13261,"Georgia","Sumter",40250,3458,13713,73.4,2021,143,105,"139",59,129,11395,14055,8411,26,13
13267,"Georgia","Tattnall",41457,2885,17414,75.9,2021,73,129,"53",145,116,8503,9555,8969,26,10
13269,"Georgia","Taylor",28234,921,8906,75.1,2021,120,110,"115",74,95,10554,10399,10483,27,10
13271,"Georgia","Telfair",36264,1466,7753,79.4,2021,102,156,"66",129,157,8950,11146,9553,30,12
13275,"Georgia","Thomas",47978,5238,20581,75.3,2021,75,55,"83",22,53,9662,12594,8091,22,11
13277,"Georgia","Tift",47764,5601,16361,75,2021,84,66,"67",67,73,8956,12488,7885,23,12
13279,"Georgia","Toombs",41442,3583,13899,74.5,2021,122,144,"117",105,130,10565,12016,11038,26,12
13285,"Georgia","Troup",47296,7017,29700,75.7,2021,76,77,"72",52,61,9326,10462,9104,22,11
13287,"Georgia","Turner",35400,910,4441,72.8,2021,136,145,"113",109,142,10494,14027,8904,26,14
13289,"Georgia","Twiggs",44079,969,9023,72.4,2021,159,143,"158",104,145,15383,12742,18444,27,10
13293,"Georgia","Upson",40926,2711,12737,72.8,2021,134,89,"137",106,64,11324,10426,12208,24,12
13295,"Georgia","Walker",47548,7226,30152,75.4,2021,78,61,"91",65,57,9824,11332,9852,21,10
13297,"Georgia","Walton",67007,10199,35734,76.9,2021,33,32,"41",51,26,8188,10876,7638,18,9
13299,"Georgia","Ware",37642,3681,10691,73.7,2021,113,107,"126",86,112,10890,12310,10608,24,10
13303,"Georgia","Washington",41674,1988,13899,76.5,2021,67,85,"48",32,103,8422,9178,7834,26,10
13305,"Georgia","Wayne",47382,3512,17439,73.6,2021,100,98,"121",127,83,10702,14889,10022,24,10
13313,"Georgia","Whitfield",53115,16776,29833,78.1,2021,34,73,"17",113,86,7019,12850,8961,26,8
13317,"Georgia","Wilkes",39716,1272,7136,75.5,2021,104,109,"114",122,117,10523,11619,11003,26,10
13319,"Georgia","Wilkinson",43902,897,9563,75,2021,125,83,"116",46,82,10558,9745,11910,25,13
13321,"Georgia","Worth",43142,2657,14994,74.6,2021,121,108,"118",120,102,10602,13480,9272,23,13
15003,"Hawaii","Honolulu",86946,28312,8225,82.5,2021,2,1,"1",1,1,5629,5960,5126,17,8
16001,"Idaho","Ada",72295,32864,21471,81,2021,3,2,"5",1,5,4834,5096,4910,13,7
17001,"Illinois","Adams",55942,2516,21875,78.3,2021,46,24,"47",11,21,7287,13167,7178,17,8
17019,"Illinois","Champaign",53485,9398,25558,80.5,2021,28,15,"17",24,27,6083,12638,5491,16,9
17031,"Illinois","Cook",69375,401160,2353,79.7,2021,44,53,"36",87,66,6892,13381,5093,18,9
17037,"Illinois","DeKalb",64676,5032,21353,79.4,2021,20,22,"13",47,20,5997,11648,5674,16,7
17043,"Illinois","DuPage",96354,43132,436,82.5,2021,1,1,"3",1,2,4320,7237,4715,12,7
17077,"Illinois","Jackson",37308,3394,22381,78.2,2021,83,66,"69",44,70,8248,11495,8293,19,9
17081,"Illinois","Jefferson",50531,1656,22819,76,2021,91,85,"86",40,86,8953,15946,8264,19,9
17089,"Illinois","Kane",84311,39361,18335,81.6,2021,7,21,"6",91,54,4957,9729,5302,16,7
17091,"Illinois","Kankakee",60763,5112,27746,77,2021,87,84,"79",66,82,8534,14966,7451,19,9
17093,"Illinois","Kendall",105586,5838,11955,81.9,2021,2,4,"2",19,3,4309,6863,4125,14,7
17095,"Illinois","Knox",43404,2125,12870,77.3,2021,60,83,"48",20,90,7315,10578,7180,20,8
17097,"Illinois","Lake",92638,38271,8915,81.6,2021,5,8,"5",14,18,4860,11139,4745,14,8
17099,"Illinois","LaSalle",59528,4867,34422,76.9,2021,59,74,"78",34,79,8513,11269,9026,18,7
17113,"Illinois","McLean",69230,6723,27974,80,2021,13,6,"12",2,9,5884,10509,5756,14,8
17115,"Illinois","Macon",52259,4143,16905,77.3,2021,89,73,"73",18,85,8398,11635,7599,18,10
17119,"Illinois","Madison",66591,11698,35924,76.5,2021,72,59,"82",32,26,8831,13709,8588,16,8
17143,"Illinois","Peoria",57717,8936,27313,77.4,2021,79,48,"80",7,80,8579,15737,7311,17,10
17161,"Illinois","Rock Island",57772,6854,16112,78.1,2021,43,70,"45",22,81,7257,11685,7083,18,8
17163,"Illinois","St. Clair",57726,11833,26343,76.3,2021,94,80,"93",59,74,9679,14709,7714,19,10
17167,"Illinois","Sangamon",61768,7706,27895,78,2021,65,20,"54",5,51,7492,12204,6891,16,10
17177,"Illinois","Stephenson",51786,1855,19129,79.1,2021,50,68,"39",42,56,6942,11598,6289,17,9
17183,"Illinois","Vermilion",46295,3510,25513,74.9,2021,99,100,"96",93,98,10624,18087,9335,21,11
17197,"Illinois","Will",90249,31586,26624,79.8,2021,9,12,"11",48,11,5866,8968,6046,15,8
17201,"Illinois","Winnebago",59510,16209,23368,76.7,2021,90,91,"91",52,99,9314,15077,9026,19,9
18003,"Indiana","Allen",56838,25843,42212,77.2,2021,49,28,"43",41,32,8161,14159,7479,19,9
18019,"Indiana","Clark",59441,7324,22614,75.3,2021,62,41,"66",54,46,9430,11311,9840,19,8
18035,"Indiana","Delaware",45912,7210,26843,74.8,2021,86,61,"81",20,78,10682,15502,10527,21,9
18039,"Indiana","Elkhart",55782,19460,40672,78.7,2021,27,52,"25",63,57,7177,13094,7215,21,7
18043,"Indiana","Floyd",64614,4042,15160,76.2,2021,44,20,"49",12,34,8452,13914,8393,17,9
18053,"Indiana","Grant",47509,3509,20257,74.5,2021,88,69,"85",47,77,11110,16017,11169,21,10
18057,"Indiana","Hamilton",107710,12599,15473,82,2021,1,1,"1",1,1,4193,5514,4333,12,7
18063,"Indiana","Hendricks",85827,7593,25958,79.6,2021,2,3,"2",5,2,5288,4525,5556,14,6
18067,"Indiana","Howard",54048,4406,17821,74.5,2021,82,71,"87",15,76,11282,15903,11062,20,8
18081,"Indiana","Johnson",74427,8636,19407,78.2,2021,6,9,"12",13,7,6506,7377,6800,16,7
18089,"Indiana","Lake",57280,29945,19682,76.3,2021,75,88,"65",79,90,9390,14197,8485,23,9
18091,"Indiana","LaPorte",56427,6440,39713,76.3,2021,69,85,"60",62,89,9039,10961,9289,22,9
18095,"Indiana","Madison",54145,7602,30393,75.7,2021,78,70,"71",36,73,9538,12058,9459,21,9
18097,"Indiana","Marion",50707,80528,5422,76,2021,80,75,"75",30,84,9843,12810,9259,22,9
18105,"Indiana","Monroe",53113,9627,29317,80.5,2021,7,10,"4",7,38,5600,7252,5956,17,7
18127,"Indiana","Porter",74064,9233,34106,78.3,2021,14,19,"18",39,24,6911,9962,6991,17,7
18141,"Indiana","St. Joseph",53881,18411,24028,76.9,2021,55,58,"50",19,71,8466,15059,7707,19,9
18157,"Indiana","Tippecanoe",51228,12641,25055,79.4,2021,11,8,"10",11,23,6318,12810,6585,17,7
18163,"Indiana","Vanderburgh",51603,12086,16474,76.3,2021,70,47,"63",9,58,9139,14533,8610,19,9
18167,"Indiana","Vigo",48082,6848,25623,75.8,2021,67,84,"62",78,88,9109,8524,9651,20,9
18177,"Indiana","Wayne",47885,4603,22777,73.3,2021,89,78,"91",59,82,12777,19187,12634,21,8
19013,"Iowa","Black Hawk",60010,5302,17672,78.4,2021,72,61,"67",12,76,6998,14327,6223,15,7
19057,"Iowa","Des Moines",53547,1296,10781,78.4,2021,82,99,"70",56,97,7182,14925,6738,16,7
19103,"Iowa","Johnson",67295,6508,24261,83.1,2021,7,3,"6",1,17,4274,7787,4340,13,7
19113,"Iowa","Linn",64783,6969,26927,80.5,2021,35,24,"28",14,46,5827,11412,5595,13,7
19153,"Iowa","Polk",67331,21122,21139,79,2021,50,28,"49",10,57,6409,12674,6093,14,7
19163,"Iowa","Scott",65724,6523,22323,79.1,2021,64,62,"60",30,79,6615,12469,6306,13,8
19193,"Iowa","Woodbury",58419,6087,17836,77.5,2021,75,87,"69",84,81,7179,8720,7217,17,7
20045,"Kansas","Douglas",62559,7483,12205,80.4,2021,7,2,"4",3,23,5356,8073,5357,15,7
20061,"Kansas","Geary",58978,1908,4011,75.4,2021,86,87,"91",10,85,9848,11622,9778,18,7
20091,"Kansas","Johnson",91913,31232,20862,81.7,2021,1,1,"1",1,1,4424,6917,4439,11,7
20103,"Kansas","Leavenworth",75840,3741,22154,79.3,2021,13,44,"10",23,49,6217,8595,6093,16,7
20125,"Kansas","Montgomery",44240,2503,15403,74.9,2021,97,101,"97",62,96,10422,19084,10838,20,8
20173,"Kansas","Sedgwick",60014,43288,38168,77.6,2021,71,55,"72",9,89,8081,13094,7649,18,8
20177,"Kansas","Shawnee",59451,11745,28157,76.9,2021,64,47,"82",5,62,8864,16673,7799,16,7
20209,"Kansas","Wyandotte",47292,20748,9549,75.8,2021,104,104,"90",91,104,9684,14598,9276,26,9
21015,"Kentucky","Boone",78806,4076,15769,78.9,2021,2,2,"2",2,2,6765,8681,6860,17,7
21047,"Kentucky","Christian",46390,3057,21118,74.7,2021,65,57,"74",27,58,10460,14266,9781,26,9
21059,"Kentucky","Daviess",52620,4015,26113,76.8,2021,16,10,"15",6,19,8266,9037,8425,21,8
21067,"Kentucky","Fayette",58981,20138,9072,78.6,2021,7,5,"4",12,11,7181,10410,6950,19,9
21073,"Kentucky","Franklin",58917,2347,13580,75.8,2021,36,15,"48",44,14,9523,8517,10246,19,10
21093,"Kentucky","Hardin",57711,3974,36109,77.2,2021,15,14,"16",16,8,8306,8345,8557,22,8
21101,"Kentucky","Henderson",53199,1851,17667,76.1,2021,60,31,"30",28,28,8790,11179,8755,23,11
21107,"Kentucky","Hopkins",48769,1787,22111,74.7,2021,52,32,"50",8,39,9599,8639,9768,24,9
21111,"Kentucky","Jefferson",59025,36044,10176,76.1,2021,34,30,"52",7,46,9656,12810,9185,21,9
21117,"Kentucky","Kenton",68692,7560,11142,76.1,2021,29,9,"49",10,16,9555,13846,9536,20,9
21145,"Kentucky","McCracken",48219,2725,18243,76.6,2021,21,19,"33",4,35,8944,11068,8955,22,9
21151,"Kentucky","Madison",50316,3872,31937,76.2,2021,26,21,"37",19,23,9088,13357,9140,21,9
21227,"Kentucky","Warren",53238,7206,35486,77.4,2021,10,13,"9",39,21,7661,10814,7568,22,9
22001,"Louisiana","Acadia",44728,4551,31936,74.9,2021,34,34,"41",19,35,10312,16091,9256,25,9
22003,"Louisiana","Allen",47111,1461,17886,75.1,2021,22,30,"27",54,29,9788,10849,9557,24,9
22005,"Louisiana","Ascension",83072,6355,14170,79.5,2021,2,2,"2",5,1,7012,8835,6867,18,9
22007,"Louisiana","Assumption",51763,1524,10538,77.1,2021,25,46,"19",30,52,9149,13577,7675,25,11
22009,"Louisiana","Avoyelles",38316,2735,26835,74,2021,51,58,"51",46,51,11220,13834,10378,28,12
22011,"Louisiana","Beauregard",55343,2587,23708,75.7,2021,16,15,"16",50,10,8975,12262,8710,22,9
22013,"Louisiana","Bienville",37198,734,11459,73.8,2021,57,49,"56",34,40,12230,13798,11394,29,14
22015,"Louisiana","Bossier",54080,7520,28475,77.8,2021,6,6,"6",13,5,7491,9167,7081,20,11
22017,"Louisiana","Caddo",45613,14008,36805,74.9,2021,49,19,"49",2,30,10972,13882,8001,25,14
22019,"Louisiana","Calcasieu",53050,13770,39518,75.2,2021,20,11,"31",10,13,9980,13354,8870,21,10
22027,"Louisiana","Claiborne",36497,949,14161,75.5,2021,53,56,"40",57,50,10257,11184,9724,30,16
22029,"Louisiana","Concordia",36276,1246,6966,73.3,2021,60,54,"57",33,55,12465,16000,10322,30,14
22031,"Louisiana","De Soto",47347,2057,20595,76.3,2021,24,42,"18",48,34,9036,11400,7779,26,12
22033,"Louisiana","East Baton Rouge",56303,29320,30266,76.1,2021,19,5,"33",3,11,10041,13186,7676,19,12
22037,"Louisiana","East Feliciana",50041,987,20267,73.4,2021,43,22,"48",17,36,10923,12143,10136,25,11
22039,"Louisiana","Evangeline",35146,2440,20762,73.2,2021,54,53,"55",32,49,12099,14827,11736,29,11
22041,"Louisiana","Franklin",35484,1457,15406,75,2021,46,59,"21",58,59,9381,11296,8283,28,13
22045,"Louisiana","Iberia",47731,5475,20607,74.9,2021,39,36,"37",21,39,10094,14550,8433,25,11
22047,"Louisiana","Iberville",55198,1788,19770,76.1,2021,41,31,"38",16,48,10102,11208,9676,25,13
22049,"Louisiana","Jackson",43232,998,10665,76.4,2021,38,37,"25",45,21,9590,12957,8735,26,11
22051,"Louisiana","Jefferson",55909,39676,4942,77.4,2021,12,7,"12",28,12,8665,11607,8556,21,10
22053,"Louisiana","Jefferson Davis",47988,2335,16018,73.9,2021,31,27,"44",41,19,10567,12791,10187,23,10
22055,"Louisiana","Lafayette",60053,15423,18432,78.6,2021,4,3,"4",1,8,7334,10690,6410,19,9
22057,"Louisiana","Lafourche",54145,7576,23325,77.1,2021,15,18,"14",24,22,8831,14529,7693,23,9
22061,"Louisiana","Lincoln",41608,3523,19011,76.9,2021,17,17,"11",23,18,8655,11037,7456,23,11
22063,"Louisiana","Livingston",63852,9566,52640,76.7,2021,10,14,"15",20,6,8945,12518,8860,19,8
22065,"Louisiana","Madison",32229,574,2714,72,2021,63,62,"60",37,63,12780,16010,7011,34,16
22067,"Louisiana","Morehouse",34922,1708,14000,71.4,2021,62,61,"63",51,61,13952,16741,11166,28,14
22069,"Louisiana","Natchitoches",49536,2610,19803,75.1,2021,48,25,"46",22,26,10810,13518,9141,26,12
22071,"Louisiana","Orleans",45092,28217,2035,77,2021,32,12,"35",14,38,10085,12614,6339,22,12
22073,"Louisiana","Ouachita",43235,10133,37187,75,2021,37,28,"34",12,42,10051,13266,8241,24,12
22075,"Louisiana","Plaquemines",60795,1816,4502,77.6,2021,7,13,"8",40,7,8110,9524,8596,22,9
22077,"Louisiana","Pointe Coupee",48011,1453,13182,76.2,2021,26,40,"32",27,46,9999,11819,9299,24,10
22079,"Louisiana","Rapides",49687,8844,52023,74.4,2021,45,16,"47",9,20,10835,14975,9426,23,11
22081,"Louisiana","Red River",39806,514,9091,73.3,2021,58,50,"62",59,47,13681,17937,11889,27,11
22083,"Louisiana","Richland",39586,1340,13688,74.2,2021,55,48,"52",44,58,11560,14796,9800,28,14
22085,"Louisiana","Sabine",45486,1941,21373,76,2021,27,44,"28",61,15,9907,14118,10181,24,9
22087,"Louisiana","St. Bernard",45806,3833,1527,75.4,2021,44,32,"50",49,25,11111,10916,12086,25,10
22089,"Louisiana","St. Charles",71579,2738,6064,77.6,2021,5,4,"5",7,3,7431,9212,6431,18,10
22091,"Louisiana","St. Helena",43376,790,11203,74.8,2021,50,51,"53",62,56,11619,11783,12501,28,11
22093,"Louisiana","St. James",57250,1024,6123,76.6,2021,35,21,"39",11,31,10123,12618,8099,23,12
22095,"Louisiana","St. John the Baptist",54944,2616,6175,74.6,2021,36,20,"43",15,24,10467,11684,9855,23,12
22097,"Louisiana","St. Landry",39599,6129,40168,72.7,2021,56,47,"61",18,54,12818,16105,10771,28,11
22099,"Louisiana","St. Martin",47247,3824,25856,76.3,2021,18,24,"22",25,27,9402,12214,8448,23,9
22101,"Louisiana","St. Mary",40918,3819,7126,75.4,2021,40,41,"29",31,43,9924,13168,8820,27,10
22103,"Louisiana","St. Tammany",71526,15452,54270,78.3,2021,1,1,"3",6,2,7237,9076,7139,16,9
22105,"Louisiana","Tangipahoa",47860,8859,49564,75.2,2021,29,35,"30",35,41,9955,12651,9322,23,11
22109,"Louisiana","Terrebonne",51719,10066,23075,75.4,2021,30,33,"36",43,33,10094,14842,9402,25,9
22111,"Louisiana","Union",44617,1432,18838,76,2021,23,38,"23",42,32,9553,13639,8116,23,11
22113,"Louisiana","Vermilion",50193,4958,31680,77.1,2021,13,23,"7",38,23,7910,12838,7161,23,10
22115,"Louisiana","Vernon",51652,2970,26113,75.1,2021,9,26,"20",52,14,9176,12217,9385,21,7
22117,"Louisiana","Washington",35505,3208,31449,72.1,2021,61,55,"64",47,57,14398,14781,14655,27,12
22119,"Louisiana","Webster",38386,2557,21857,74.1,2021,52,43,"54",29,37,11687,13219,11005,27,12
22121,"Louisiana","West Baton Rouge",65344,1326,7246,78.7,2021,11,8,"10",8,9,8218,10804,6813,21,11
22125,"Louisiana","West Feliciana",65296,481,15625,77.7,2021,8,9,"17",4,17,8979,9162,8929,21,9
22127,"Louisiana","Winn",43166,753,9937,74.9,2021,33,45,"26",39,44,9740,7658,11599,25,11
23001,"Maine","Androscoggin",58958,7373,46707,77.1,2021,12,10,"12",7,9,7751,11159,7554,18,8
23005,"Maine","Cumberland",75254,17311,101680,80.2,2021,1,1,"1",1,1,5583,7314,5572,12,7
24001,"Maryland","Allegany",48170,2442,20463,76.7,2021,21,19,"18",13,18,8602,7760,9242,20,9
24003,"Maryland","Anne Arundel",100916,20179,28518,79.3,2021,7,7,"6",9,7,6793,7685,7046,13,8
24005,"Maryland","Baltimore",76972,36295,52599,78.1,2021,16,10,"16",12,12,8127,9580,8132,17,9
24009,"Maryland","Calvert",111056,2495,34350,79.5,2021,5,4,"8",8,3,6842,7303,7068,13,7
24011,"Maryland","Caroline",60143,1946,25130,76.8,2021,17,21,"17",23,19,8336,9394,8337,21,7
24013,"Maryland","Carroll",101810,5060,66028,78.6,2021,4,6,"5",10,2,6753,8828,6987,13,7
24015,"Maryland","Cecil",75307,3922,42569,75.7,2021,20,15,"22",16,15,9841,11852,9993,17,8
24017,"Maryland","Charles",102510,5566,43238,78.6,2021,12,12,"13",19,9,7310,7374,8145,15,9
24019,"Maryland","Dorchester",48709,1587,18338,75.6,2021,23,22,"23",14,22,10435,15584,9091,21,10
24021,"Maryland","Frederick",102951,10397,58831,80.6,2021,3,3,"3",11,4,5645,7521,5815,13,7
24025,"Maryland","Harford",91492,8585,43474,79,2021,10,5,"9",4,8,6854,8434,6888,16,7
24027,"Maryland","Howard",121329,9854,26560,83.2,2021,2,1,"2",1,1,4244,6657,3997,11,8
24031,"Maryland","Montgomery",110012,61782,23165,84.6,2021,1,2,"1",3,5,4065,5897,4153,12,7
24033,"Maryland","Prince George's",85357,76941,16981,79.6,2021,13,16,"7",24,13,6828,7905,6301,18,9
24035,"Maryland","Queen Anne's",101350,1822,26044,79.8,2021,6,9,"4",7,6,6647,11885,6394,13,7
24037,"Maryland","St. Mary's",89123,4356,53015,78.7,2021,8,13,"10",20,10,6877,9566,6821,16,7
24039,"Maryland","Somerset",38731,1072,12121,75.5,2021,22,24,"21",18,23,9586,9128,11612,24,9
24041,"Maryland","Talbot",75714,1660,20650,80.4,2021,9,8,"12",2,11,7284,10080,7101,14,7
24043,"Maryland","Washington",59785,6341,43477,76.8,2021,18,18,"20",15,17,8849,11732,8885,18,9
24045,"Maryland","Wicomico",54351,5755,25479,76.7,2021,19,20,"19",17,20,8637,10726,8354,18,9
24047,"Maryland","Worcester",65821,2287,18280,79.7,2021,11,17,"14",6,21,7443,10071,7036,16,6
24510,"Maryland","Baltimore City",49780,33750,0,72.8,2021,24,23,"24",22,24,13830,16833,9977,21,12
25001,"Massachusetts","Barnstable",82686,5067,16155,79.7,2021,9,5,"11",4,10,7072,6719,7144,13,7
25003,"Massachusetts","Berkshire",58805,2909,41457,78.2,2021,13,11,"14",5,11,8223,15952,8168,15,8
25005,"Massachusetts","Bristol",69857,15564,53920,78.7,2021,12,13,"12",13,13,7181,6317,7134,16,8
25009,"Massachusetts","Essex",83253,22548,31540,80.2,2021,8,9,"7",10,9,5943,6661,6231,15,8
25013,"Massachusetts","Hampden",59918,13151,39725,78.2,2021,14,14,"13",12,14,7737,11195,7434,19,8
25017,"Massachusetts","Middlesex",106543,33361,45509,82.4,2021,2,2,"2",3,2,4231,5480,4455,11,7
25021,"Massachusetts","Norfolk",106851,12614,8321,81.9,2021,3,1,"3",2,1,4545,5291,4956,11,7
25023,"Massachusetts","Plymouth",90584,10348,51015,79.8,2021,7,7,"9",7,6,6132,5751,6289,14,7
25025,"Massachusetts","Suffolk",75843,27518,535,81.6,2021,10,12,"5",11,12,5423,7807,5298,18,9
25027,"Massachusetts","Worcester",77795,19045,146856,79.3,2021,11,10,"10",6,7,6420,6327,6488,15,8
26017,"Michigan","Bay",50130,4780,32667,77.2,2021,51,43,"53",62,43,8069,14941,7917,19,7
26021,"Michigan","Berrien",50659,8871,51524,77.8,2021,45,36,"49",32,48,7875,13373,6986,19,8
26025,"Michigan","Calhoun",50205,5633,42174,76.1,2021,67,56,"72",22,55,9084,12908,8928,19,9
26045,"Michigan","Eaton",65891,3874,40918,79.2,2021,12,12,"17",25,8,6175,6639,6096,16,7
26049,"Michigan","Genesee",50554,17525,71342,75.5,2021,80,70,"78",36,64,10130,14796,8847,20,10
26065,"Michigan","Ingham",54704,13423,37096,78.3,2021,34,16,"35",17,24,7338,12573,6790,16,8
26075,"Michigan","Jackson",56001,7031,67021,76.9,2021,49,35,"55",33,35,8177,11256,7765,18,9
26077,"Michigan","Kalamazoo",56739,11732,43926,79.1,2021,27,17,"31",8,16,6816,11725,6179,16,8
26081,"Michigan","Kent",66560,32643,94463,80,2021,15,14,"10",14,15,5741,10593,5272,17,8
26099,"Michigan","Macomb",65051,40712,23592,78,2021,41,25,"43",54,29,7621,10986,7284,17,9
26115,"Michigan","Monroe",64341,5032,57093,77.8,2021,39,28,"51",41,23,7983,10454,7901,17,7
26121,"Michigan","Muskegon",50730,7354,40145,77,2021,73,44,"67",12,44,8533,13064,7388,20,10
26125,"Michigan","Oakland",81257,50909,57553,80.4,2021,7,3,"8",11,6,5627,8755,5400,14,8
26139,"Michigan","Ottawa",69827,12500,53593,81.8,2021,4,2,"2",10,4,4454,7444,4334,15,6
26145,"Michigan","Saginaw",48471,7639,62289,77.2,2021,69,68,"68",27,70,8543,14122,6944,20,10
26147,"Michigan","St. Clair",60208,6671,63008,77,2021,52,41,"59",65,34,8305,13776,8255,19,7
26159,"Michigan","Van Buren",58733,4632,54036,77.8,2021,36,51,"34",58,50,7254,12645,7158,21,7
26161,"Michigan","Washtenaw",76728,14868,56706,81.4,2021,5,1,"5",1,7,5019,9157,4727,14,7
26163,"Michigan","Wayne",50753,89637,12664,75.5,2021,83,83,"81",79,83,10534,14801,8023,24,11
27003,"Minnesota","Anoka",83363,11089,44666,81.5,2021,29,25,"23",55,14,5087,6928,4967,13,6
27037,"Minnesota","Dakota",89075,11879,19652,82.3,2021,9,5,"6",16,8,4314,5717,4199,11,7
27053,"Minnesota","Hennepin",82323,51121,25641,81.3,2021,33,13,"25",14,37,5175,9889,4357,11,7
27109,"Minnesota","Olmsted",80631,4240,23935,82.7,2021,3,1,"9",1,6,4427,8082,4318,11,6
27123,"Minnesota","Ramsey",68652,23762,952,79.9,2021,62,36,"46",35,69,5984,10369,5053,14,8
27137,"Minnesota","St. Louis",60228,6956,74313,79,2021,69,45,"72",13,48,6962,15103,6534,14,7
27139,"Minnesota","Scott",108718,4042,22399,82.9,2021,2,4,"2",29,3,3661,4741,3563,11,6
27145,"Minnesota","Stearns",66449,5704,55637,82.1,2021,27,31,"27",24,39,5231,7231,5041,13,6
27163,"Minnesota","Washington",100857,5867,34454,82.3,2021,6,3,"5",4,2,4265,4214,4393,11,6
28001,"Mississippi","Adams",34583,3519,12023,73.6,2021,60,53,"51",17,67,11856,14946,11061,31,13
28003,"Mississippi","Alcorn",43496,4261,24588,73.6,2021,41,23,"49",42,17,11779,14237,11481,23,11
28005,"Mississippi","Amite",41575,1395,13131,77,2021,24,48,"13",71,51,9465,11837,8128,27,11
28007,"Mississippi","Attala",36905,1934,12581,74.1,2021,48,36,"38",13,58,11022,14762,8055,27,14
28009,"Mississippi","Benton",37875,948,8729,73.5,2021,59,63,"59",62,64,12427,14123,12147,27,11
28011,"Mississippi","Bolivar",30309,3684,18423,71.5,2021,68,61,"67",54,65,13397,15236,10246,30,14
28013,"Mississippi","Calhoun",38648,1940,14962,75.4,2021,38,56,"31",66,37,10794,13862,9649,27,12
28017,"Mississippi","Chickasaw",37533,2116,14835,74.4,2021,56,51,"52",32,53,11860,13035,11817,29,13
28019,"Mississippi","Choctaw",41146,789,8547,73.9,2021,42,33,"60",24,33,12555,18305,10366,24,11
28023,"Mississippi","Clarke",42826,1727,16732,74,2021,43,34,"44",49,43,11519,16178,8883,24,13
28025,"Mississippi","Clay",33653,2107,11461,76.6,2021,13,42,"6",19,49,8220,9164,7097,27,14
28027,"Mississippi","Coahoma",30242,2428,8368,70.3,2021,81,69,"81",41,69,16184,17413,13384,33,18
28029,"Mississippi","Copiah",42299,3248,19312,75.7,2021,39,55,"21",36,52,9958,10602,9691,27,15
28031,"Mississippi","Covington",42076,2234,19568,72.5,2021,47,41,"53",43,35,11898,13627,11282,26,12
28033,"Mississippi","DeSoto",67450,17174,32942,77,2021,5,5,"7",11,4,8323,7919,8989,18,9
28035,"Mississippi","Forrest",40224,8919,22207,73.5,2021,36,9,"54",9,10,11926,15316,10220,23,12
28041,"Mississippi","Greene",48641,1198,14400,75.9,2021,7,46,"9",72,57,8658,9634,8592,23,7
28043,"Mississippi","Grenada",40561,2170,11425,70.1,2021,67,20,"79",15,28,15644,19224,13219,25,12
28047,"Mississippi","Harrison",49619,24879,42744,74.9,2021,15,17,"19",34,12,9845,11514,9857,22,10
28049,"Mississippi","Hinds",44773,23433,37471,75.2,2021,27,12,"39",7,21,11034,11756,9169,24,15
28059,"Mississippi","Jackson",53414,15929,38074,75.7,2021,8,8,"14",21,11,9522,11301,9753,20,10
28061,"Mississippi","Jasper",40923,1693,17062,75,2021,51,52,"50",45,48,11799,12371,11472,27,13
28067,"Mississippi","Jones",41733,7929,41630,74.6,2021,29,27,"32",31,31,10863,12395,10376,24,11
28071,"Mississippi","Lafayette",54034,5507,21583,78.1,2021,2,2,"3",4,3,6898,10840,5591,19,8
28073,"Mississippi","Lamar",62606,6064,28027,79.9,2021,3,3,"1",2,5,6775,7872,6740,17,10
28075,"Mississippi","Lauderdale",41604,6974,38730,74.9,2021,32,11,"34",6,24,10922,12957,9447,23,13
28077,"Mississippi","Lawrence",43668,1317,12929,72.7,2021,46,39,"62",58,30,12691,13059,12575,24,11
28079,"Mississippi","Leake",41007,3022,19327,76.1,2021,28,64,"16",76,50,9681,9203,8521,30,10
28081,"Mississippi","Lee",50803,9094,37612,74.9,2021,14,6,"17",3,6,9700,11785,8860,22,12
28083,"Mississippi","Leflore",29687,2956,5714,70.7,2021,75,71,"72",14,75,14973,16258,11855,33,15
28085,"Mississippi","Lincoln",45062,3859,24234,73.9,2021,23,16,"33",18,18,10895,13134,10151,23,11
28087,"Mississippi","Lowndes",49251,6303,25465,74.6,2021,16,10,"27",8,15,10574,11842,9736,23,11
28089,"Mississippi","Madison",70824,7720,26639,76.5,2021,1,1,"2",1,1,6804,9225,5557,16,11
28091,"Mississippi","Marion",38402,3027,19794,74.1,2021,54,47,"48",68,38,11627,11368,11730,29,11
28093,"Mississippi","Marshall",43107,3545,30984,73.4,2021,50,45,"64",46,46,12772,12863,13335,26,12
28095,"Mississippi","Monroe",42464,4040,25757,74.9,2021,35,25,"26",26,25,10541,11215,10247,24,14
28097,"Mississippi","Montgomery",38475,993,6537,72.5,2021,66,40,"68",16,61,14248,14578,15070,27,14
28099,"Mississippi","Neshoba",41795,3822,21917,70.9,2021,64,59,"70",70,47,14637,13683,11515,28,9
28101,"Mississippi","Newton",42962,2538,18910,74.3,2021,30,26,"25",55,13,10474,12443,8960,25,12
28105,"Mississippi","Oktibbeha",41631,5624,17364,77.9,2021,10,7,"10",12,9,8973,13190,6023,22,11
28107,"Mississippi","Panola",40655,3923,27398,73.4,2021,52,57,"57",39,55,12059,13089,10823,27,12
28109,"Mississippi","Pearl River",45874,6023,39042,73.7,2021,22,21,"46",28,22,11552,14462,11221,21,10
28111,"Mississippi","Perry",43106,1491,12250,75.9,2021,18,49,"23",63,41,10135,14707,8982,26,8
28113,"Mississippi","Pike",35044,4712,24016,72.1,2021,65,54,"66",35,56,13324,14501,12218,30,13
28115,"Mississippi","Pontotoc",48910,3752,25150,76.3,2021,12,22,"11",38,16,9079,10030,9515,25,10
28117,"Mississippi","Prentiss",43465,2947,19226,74,2021,53,29,"43",23,27,11485,10490,11712,27,12
28119,"Mississippi","Quitman",29318,887,4687,70.8,2021,79,80,"71",81,77,14885,15124,14111,36,17
28121,"Mississippi","Rankin",67284,12041,48018,79.2,2021,4,4,"4",5,2,7309,7492,7531,18,9
28123,"Mississippi","Scott",41532,4266,20398,73.3,2021,62,70,"58",80,59,12349,14881,12255,30,13
28127,"Mississippi","Simpson",47664,3310,23333,75,2021,40,43,"28",53,20,10683,11173,10821,27,12
28129,"Mississippi","Smith",46296,1868,16491,75.9,2021,37,44,"55",59,42,11966,15352,11156,24,11
28131,"Mississippi","Stone",47187,1967,14018,75.1,2021,17,38,"15",51,44,9573,11302,9081,23,12
28133,"Mississippi","Sunflower",32948,2524,13477,70.3,2021,72,75,"74",67,74,15304,16528,12048,32,15
28135,"Mississippi","Tallahatchie",31915,1280,12448,74.2,2021,63,73,"42",69,72,11374,13882,8271,33,15
28137,"Mississippi","Tate",50188,3338,22355,74.9,2021,19,35,"24",44,26,10383,11458,9868,24,10
28139,"Mississippi","Tippah",44696,2669,18640,73.6,2021,34,28,"30",56,14,10770,15050,10270,26,11
28145,"Mississippi","Union",49320,3327,20502,76.2,2021,9,14,"8",20,7,8540,11045,8296,23,10
28147,"Mississippi","Walthall",35465,1832,15443,75.5,2021,31,60,"20",64,60,9892,11580,8755,29,12
28149,"Mississippi","Warren",46606,4474,19945,74.4,2021,45,18,"56",10,32,12001,13715,10540,24,13
28151,"Mississippi","Washington",31018,5194,8961,70.5,2021,71,68,"78",33,68,15516,17076,11617,29,14
28153,"Mississippi","Wayne",39036,2521,16523,75.6,2021,33,58,"22",75,54,10058,11942,9074,27,13
28159,"Mississippi","Winston",37596,2071,14574,74.7,2021,44,37,"37",27,40,11005,13628,8243,27,14
28161,"Mississippi","Yalobusha",40515,1221,10056,72.2,2021,49,50,"63",78,45,12731,10525,14845,25,11
28163,"Mississippi","Yazoo",34817,2494,12519,73.8,2021,55,66,"40",37,70,11149,13323,9770,32,13
29019,"Missouri","Boone",58029,13993,30554,79.8,2021,9,3,"10",1,4,6226,14069,5608,17,8
29021,"Missouri","Buchanan",49216,7543,11928,76.6,2021,60,52,"43",19,46,8366,11227,8372,22,8
29023,"Missouri","Butler",41327,3844,22331,74.1,2021,104,103,"100",58,105,10680,17989,10415,25,11
29031,"Missouri","Cape Girardeau",57618,6221,23083,77.5,2021,36,11,"38",6,20,8199,15791,7495,19,9
29037,"Missouri","Cass",73882,7429,32233,78.5,2021,13,14,"23",35,9,7170,8188,7235,17,7
29047,"Missouri","Clay",70705,16172,21785,79.6,2021,3,7,"9",9,7,6125,8109,6060,16,7
29051,"Missouri","Cole",61847,4935,22094,79.1,2021,16,6,"21",3,3,7103,11322,6607,17,8
29069,"Missouri","Dunklin",38880,3092,16122,72.5,2021,112,115,"107",106,114,11981,15967,11929,29,12
29077,"Missouri","Greene",45313,25711,38518,77.2,2021,46,10,"46",8,18,8453,13561,8489,20,8
29095,"Missouri","Jackson",57907,63756,25867,77.2,2021,63,49,"65",14,67,8944,14275,7469,21,9
29097,"Missouri","Jasper",46021,13182,27815,76.1,2021,59,44,"66",25,48,8975,20995,9060,22,7
29099,"Missouri","Jefferson",68779,18359,66049,76,2021,51,21,"69",40,22,9032,15505,9113,18,8
29133,"Missouri","Mississippi",36802,1171,4695,72.2,2021,114,113,"112",101,113,12941,13138,13122,31,12
29143,"Missouri","New Madrid",42115,1624,10779,72.8,2021,111,110,"109",108,108,12169,15118,12072,29,11
29155,"Missouri","Pemiscot",34280,1479,9014,71.5,2021,115,114,"115",110,115,13952,20167,12218,31,12
29165,"Missouri","Platte",84456,5379,14120,80.2,2021,1,1,"5",4,2,5890,8314,5806,14,6
29169,"Missouri","Pulaski",55620,3445,23017,76.4,2021,25,20,"35",43,27,8041,6593,9088,20,7
29183,"Missouri","St. Charles",89236,18295,21018,80.2,2021,2,2,"6",5,1,5915,7284,5979,14,7
29189,"Missouri","St. Louis",70161,59030,11368,78,2021,23,5,"39",2,14,8211,14841,6153,16,10
29201,"Missouri","Scott",44924,3076,16285,75.7,2021,93,87,"83",34,85,9790,10784,9995,23,10
29510,"Missouri","St. Louis City",46309,28873,1,74,2021,110,102,"113",37,104,13145,19471,8596,24,13
30111,"Montana","Yellowstone",61435,9109,24694,78.2,2021,27,13,"16",3,19,7279,20558,6706,15,8
31055,"Nebraska","Douglas",67264,43240,11224,79.1,2021,58,44,"29",3,61,6494,11781,6108,15,8
31109,"Nebraska","Lancaster",61383,18277,23555,80.2,2021,20,16,"17",4,27,5474,7570,5552,13,7
31153,"Nebraska","Sarpy",84016,8527,8377,81.3,2021,3,1,"4",11,4,4742,6296,4879,10,7
32003,"Nevada","Clark",62131,209083,25485,79,2021,6,11,"5",9,12,7029,11551,7927,22,9
32031,"Nevada","Washoe",71733,38397,17981,78.7,2021,4,2,"4",2,4,6771,10797,7593,18,8
33011,"New Hampshire","Hillsborough",82862,23411,84918,79.6,2021,4,4,"5",6,6,6609,6729,7050,12,7
34001,"New Jersey","Atlantic",62678,18147,34905,77.3,2021,18,19,"18",16,18,8908,13766,9182,19,8
34003,"New Jersey","Bergen",107971,60415,919,83.2,2021,4,4,"1",4,4,3893,5766,4620,14,8
34005,"New Jersey","Burlington",88443,17002,29900,79.6,2021,13,8,"12",6,7,6543,8276,6766,15,8
34007,"New Jersey","Camden",73168,30413,8308,77.2,2021,19,16,"17",13,15,8675,13029,8119,18,9
34009,"New Jersey","Cape May",66565,4719,16977,77.1,2021,16,15,"19",8,17,9076,12919,9109,15,7
34011,"New Jersey","Cumberland",54179,11238,36129,75.3,2021,21,21,"21",20,21,10298,11470,11002,25,10
34013,"New Jersey","Essex",64522,69026,114,79.8,2021,17,18,"15",17,20,7139,10880,4745,21,10
34015,"New Jersey","Gloucester",87996,11212,24060,77.6,2021,15,11,"16",14,10,7829,10823,7974,15,8
34017,"New Jersey","Hudson",77738,69294,0,82.6,2021,9,14,"6",21,14,4971,10043,5861,20,9
34021,"New Jersey","Mercer",79475,24402,12764,80.6,2021,12,10,"10",9,12,6182,10622,5953,17,9
34023,"New Jersey","Middlesex",92770,47932,5461,81.7,2021,5,7,"5",7,9,4910,6390,6590,15,8
34025,"New Jersey","Monmouth",102579,30020,23510,80.6,2021,6,5,"8",5,6,5633,10561,5606,14,7
34027,"New Jersey","Morris",116328,18473,33324,82.6,2021,1,1,"2",1,2,4044,5945,4353,12,6
34029,"New Jersey","Ocean",75627,31103,16711,79.1,2021,10,12,"14",11,11,6778,9430,7012,16,6
34031,"New Jersey","Passaic",76039,50889,12080,80.6,2021,14,17,"9",18,19,6000,12218,6190,22,9
34033,"New Jersey","Salem",68146,3138,29936,75.8,2021,20,20,"20",19,16,10268,17085,9572,19,8
34035,"New Jersey","Somerset",112722,13385,18736,82.6,2021,3,3,"3",2,3,4377,7552,4888,12,7
34037,"New Jersey","Sussex",100281,5853,59482,79.2,2021,7,6,"13",10,5,6557,6849,6976,13,6
34039,"New Jersey","Union",79953,47516,0,81.6,2021,8,13,"7",15,13,5295,8365,5127,19,8
34041,"New Jersey","Warren",83998,5382,40830,79.8,2021,11,9,"11",12,8,6272,6173,6757,15,8
35001,"New Mexico","Bernalillo",56148,53708,27798,78.4,2021,6,4,"7",2,8,8398,10648,7348,19,9
35009,"New Mexico","Curry",45623,3917,6806,76.5,2021,8,13,"9",16,7,8939,16592,7856,22,8
35013,"New Mexico","Dona Ana",43618,19496,40362,80,2021,3,17,"3",18,20,6918,8609,7565,24,8
35025,"New Mexico","Lea",63012,6246,13613,75.6,2021,13,23,"15",31,13,9828,14648,12432,23,9
36001,"New York","Albany",69408,9023,29496,79.9,2021,16,7,"17",5,7,6039,10578,5553,13,8
36005,"New York","Bronx",41470,97537,39,80.9,2021,62,62,"39",62,62,6711,8488,7881,29,10
36007,"New York","Broome",52179,6860,52270,78.6,2021,47,38,"47",16,48,7179,11233,7012,17,8
36013,"New York","Chautauqua",50143,4659,59173,78,2021,53,49,"52",23,50,7432,11360,7222,18,8
36015,"New York","Chemung",58400,2362,21478,76.5,2021,59,41,"62",30,36,8545,12120,8412,18,7
36021,"New York","Columbia",71563,2318,46248,79.9,2021,21,14,"38",35,11,6700,9700,6715,15,6
36027,"New York","Dutchess",84564,10523,75560,80.7,2021,14,11,"15",22,8,5893,7472,6111,15,7
36029,"New York","Erie",60620,29091,86425,78.7,2021,46,26,"40",15,30,6828,11852,6029,17,9
36039,"New York","Greene",54746,1710,36001,78.4,2021,57,52,"61",55,52,8216,9697,8494,17,7
36045,"New York","Jefferson",53829,3729,55847,78,2021,30,51,"43",21,49,6983,6419,7280,17,7
36047,"New York","Kings",66501,158551,37,82.9,2021,13,47,"8",60,56,5068,6901,4002,19,8
36055,"New York","Monroe",62159,22443,48010,79.8,2021,38,22,"33",17,31,6583,11596,5517,16,9
36059,"New York","Nassau",117767,45814,2575,83.1,2021,2,1,"2",1,2,4150,6269,4201,13,8
36061,"New York","New York",93007,74259,0,85.3,2021,6,6,"1",2,23,3939,8812,2554,16,8
36063,"New York","Niagara",56371,6646,48577,78.1,2021,55,44,"48",49,44,7250,13861,6660,18,8
36065,"New York","Oneida",56516,7636,77472,78.2,2021,54,35,"49",26,39,7392,12946,7050,19,8
36067,"New York","Onondaga",61597,15538,58787,79.7,2021,35,15,"29",8,24,6398,11636,5639,15,8
36071,"New York","Orange",83188,15091,83289,80.5,2021,12,20,"14",34,22,5739,7293,6112,17,7
36081,"New York","Queens",72975,178021,0,84.1,2021,8,24,"4",61,28,4307,6301,4881,19,8
36083,"New York","Rensselaer",70688,4847,48645,79.2,2021,34,18,"31",28,10,6459,11813,5928,15,8
36085,"New York","Richmond",86624,18611,0,81,2021,17,16,"11",31,25,5541,7784,5172,17,8
36087,"New York","Rockland",99831,12210,2236,83.2,2021,1,9,"5",10,14,4363,4915,4631,16,6
36091,"New York","Saratoga",89071,6683,65798,81.3,2021,5,4,"7",6,1,4783,4891,4943,13,6
36093,"New York","Schenectady",64960,5310,12620,79.1,2021,40,21,"36",13,26,6690,10168,6516,16,8
36103,"New York","Suffolk",105241,53775,38844,80.9,2021,11,8,"12",19,6,5652,8160,5765,14,8
36105,"New York","Sullivan",58851,3182,57513,78.3,2021,61,56,"60",56,54,7978,6870,9016,20,8
36111,"New York","Ulster",64090,7441,84020,80.2,2021,24,23,"19",43,17,6073,7356,6407,16,7
36119,"New York","Westchester",101741,40536,31069,83.6,2021,4,5,"3",7,9,4221,6580,4055,14,8
37001,"North Carolina","Alamance",57963,16236,43160,77.3,2021,38,46,"34",46,45,8101,10466,8326,21,9
37007,"North Carolina","Anson",40826,2221,21157,74.3,2021,94,89,"94",93,86,11631,13060,10512,26,13
37013,"North Carolina","Beaufort",49410,4106,31330,76.1,2021,77,65,"82",17,75,10240,12665,9912,22,10
37015,"North Carolina","Bertie",37899,1537,17716,76.8,2021,87,87,"73",76,87,9957,10900,7955,27,12
37017,"North Carolina","Bladen",42260,4108,32105,75.7,2021,86,93,"85",99,83,10312,13811,9678,26,10
37019,"North Carolina","Brunswick",63712,11416,46153,78.9,2021,28,28,"42",18,52,8508,8533,8844,17,9
37021,"North Carolina","Buncombe",55448,22962,57386,78.7,2021,18,3,"22",2,6,7414,10468,7526,16,8
37023,"North Carolina","Burke",47890,8671,38776,76.7,2021,57,52,"68",19,61,9675,11226,10099,22,9
37025,"North Carolina","Cabarrus",72071,17365,34273,78.6,2021,13,13,"13",20,4,6824,8327,7132,17,9
37027,"North Carolina","Caldwell",48512,8648,28585,76,2021,61,64,"50",42,48,8982,12903,8962,22,10
37031,"North Carolina","Carteret",60058,6171,21671,77.8,2021,26,18,"41",27,21,8476,11506,8821,17,7
37033,"North Carolina","Caswell",51240,1927,23528,75.8,2021,78,73,"84",88,74,10311,11733,9850,23,10
37035,"North Carolina","Catawba",53688,15166,46763,77,2021,29,24,"31",16,22,8016,12570,7909,19,9
37037,"North Carolina","Chatham",70258,6438,41864,81.1,2021,10,9,"9",11,16,6456,10576,6135,16,9
37041,"North Carolina","Chowan",47126,1095,10003,75.1,2021,84,69,"91",9,77,11330,15651,9332,23,10
37045,"North Carolina","Cleveland",46012,9084,54718,74.6,2021,81,72,"79",74,67,10088,12120,9869,23,10
37047,"North Carolina","Columbus",39531,5832,46824,74.4,2021,92,92,"93",91,88,11408,13463,11117,26,11
37049,"North Carolina","Craven",53372,7932,28680,76.6,2021,45,23,"64",7,32,9633,12500,9709,19,8
37051,"North Carolina","Cumberland",46599,27066,42702,76.4,2021,55,56,"61",40,63,9279,10644,9283,22,10
37057,"North Carolina","Davidson",53924,17094,77179,76.4,2021,49,47,"49",64,40,8898,9648,9096,20,10
37061,"North Carolina","Duplin",44929,8621,50586,79.5,2021,58,85,"36",98,78,8197,11606,8216,29,9
37063,"North Carolina","Durham",65541,29828,15059,80.3,2021,7,8,"7",6,26,6069,8833,4724,17,9
37065,"North Carolina","Edgecombe",40784,4706,25622,73.3,2021,98,97,"97",51,96,12841,14401,10975,28,13
37067,"North Carolina","Forsyth",53054,35938,25762,77.9,2021,32,20,"28",10,41,7836,11104,7122,19,11
37069,"North Carolina","Franklin",57371,6765,51719,77.6,2021,37,45,"37",69,33,8209,10787,7643,21,9
37071,"North Carolina","Gaston",56542,20595,40491,75.6,2021,51,40,"59",34,35,9230,10309,9388,21,10
37073,"North Carolina","Gates",54204,873,12197,74.6,2021,89,57,"96",60,44,12810,16277,11900,19,10
37077,"North Carolina","Granville",54300,5179,32804,78.2,2021,31,48,"25",41,38,7699,8880,7630,21,9
37079,"North Carolina","Greene",44648,2590,21362,77.3,2021,59,83,"27",96,79,7770,10295,8365,27,11
37081,"North Carolina","Guilford",55820,44693,62000,78.1,2021,30,25,"30",15,42,7958,10145,7326,19,10
37083,"North Carolina","Halifax",38727,4578,29919,74.5,2021,95,98,"92",62,97,11371,12100,11349,29,12
37085,"North Carolina","Harnett",55619,14253,64129,76.9,2021,41,58,"39",89,47,8377,10849,8297,21,9
37089,"North Carolina","Henderson",61651,11255,35513,79.5,2021,11,11,"16",12,13,6986,8311,7316,17,8
37091,"North Carolina","Hertford",42374,1845,16932,76.8,2021,79,81,"52",33,84,9028,8112,10632,27,11
37093,"North Carolina","Hoke",48420,6649,20260,76.1,2021,56,74,"56",90,58,9138,11569,7305,24,9
37097,"North Carolina","Iredell",68308,15772,60446,77.9,2021,15,17,"21",24,8,7326,11262,7233,17,8
37101,"North Carolina","Johnston",62835,20754,87879,78.1,2021,17,32,"12",67,19,6711,8626,6637,20,8
37105,"North Carolina","Lee",53114,7239,24746,76.5,2021,66,54,"69",75,53,9721,16529,9039,23,10
37107,"North Carolina","Lenoir",39947,5668,26776,74.6,2021,90,82,"89",86,85,11111,13037,10607,26,11
37109,"North Carolina","Lincoln",70479,7617,42696,77.6,2021,25,26,"26",29,12,7753,12796,7856,19,8
37117,"North Carolina","Martin",39413,1828,19144,75.3,2021,88,76,"81",54,81,10177,12111,9468,24,12
37119,"North Carolina","Mecklenburg",69455,110983,9798,80.6,2021,4,5,"6",22,11,5763,8436,4899,15,9
37123,"North Carolina","Montgomery",46497,2804,21359,76.5,2021,69,68,"51",63,70,9020,13515,9209,24,10
37125,"North Carolina","Moore",63942,7693,44704,79.5,2021,16,10,"23",3,14,7569,11314,7382,17,8
37127,"North Carolina","Nash",50902,8015,45584,75.3,2021,62,63,"74",36,72,9964,10713,10012,21,10
37129,"North Carolina","New Hanover",57252,19603,4489,79.5,2021,14,12,"19",5,15,7115,11732,6602,16,8
37131,"North Carolina","Northampton",39777,1561,19749,77.7,2021,85,91,"67",83,89,9664,11259,7108,27,12
37133,"North Carolina","Onslow",50645,14046,46841,76.8,2021,24,27,"35",28,24,8163,9698,8525,20,7
37135,"North Carolina","Orange",74314,10958,38176,82.3,2021,2,1,"2",1,2,4756,9984,4358,14,8
37139,"North Carolina","Pasquotank",51245,3190,16801,76.1,2021,48,55,"46",32,59,8830,9159,9385,21,9
37141,"North Carolina","Pender",60405,5714,35902,77.3,2021,35,33,"47",47,29,8870,13885,8236,18,9
37145,"North Carolina","Person",54553,3295,29804,76,2021,73,53,"76",30,54,10004,13964,8753,22,10
37147,"North Carolina","Pitt",52961,16147,42770,78.4,2021,39,34,"29",13,51,7935,11458,5971,20,10
37151,"North Carolina","Randolph",50129,16775,79725,75.6,2021,52,49,"71",72,46,9898,14335,10529,21,8
37153,"North Carolina","Richmond",40518,4375,21235,73.9,2021,93,96,"87",70,94,10824,13363,10255,27,12
37155,"North Carolina","Robeson",36366,17864,84007,72.8,2021,100,100,"99",100,99,13450,15425,12766,31,12
37157,"North Carolina","Rockingham",44686,8696,58007,75.5,2021,75,71,"78",79,71,10030,13062,9645,22,9
37159,"North Carolina","Rowan",52051,13801,53741,75.4,2021,60,51,"65",48,50,9636,12104,9989,21,10
37161,"North Carolina","Rutherford",44547,6496,41392,76.2,2021,50,67,"53",59,69,9033,12180,8871,22,9
37163,"North Carolina","Sampson",45997,8645,53893,76.4,2021,67,80,"54",95,64,9038,9672,9717,27,9
37165,"North Carolina","Scotland",39197,3381,17497,74.6,2021,96,99,"95",73,100,11691,14000,9952,28,14
37167,"North Carolina","Stanly",58303,5646,41024,75.5,2021,68,36,"80",58,27,10175,11703,10233,20,10
37179,"North Carolina","Union",86138,21672,54931,80.1,2021,3,7,"3",31,3,5403,8615,5285,16,7
37181,"North Carolina","Vance",40450,4213,24564,73.8,2021,99,95,"98",85,95,13172,15607,12659,27,12
37183,"North Carolina","Wake",84377,81522,54973,81.8,2021,1,2,"1",4,1,4667,7472,4086,14,8
37185,"North Carolina","Warren",37027,2048,20972,77.9,2021,80,94,"57",97,91,9176,10047,6955,26,12
37191,"North Carolina","Wayne",45634,13568,56902,75.8,2021,64,70,"66",77,65,9643,12552,8792,24,9
37193,"North Carolina","Wilkes",45250,7387,50473,76.7,2021,72,66,"62",57,57,9317,16649,9371,23,10
37195,"North Carolina","Wilson",42414,8609,31406,75.6,2021,83,84,"72",82,90,9941,12587,8721,25,11
38017,"North Dakota","Cass",63977,9498,15629,80.8,2021,5,2,"5",7,4,5590,6568,5224,13,7
39003,"Ohio","Allen",58271,4740,27530,76.9,2021,57,43,"39",47,43,8211,10889,7972,19,9
39007,"Ohio","Ashtabula",47388,5817,47063,75.2,2021,73,82,"72",78,76,10033,13166,10175,23,8
39017,"Ohio","Butler",68611,18513,34394,76.7,2021,47,27,"60",26,37,9226,10692,9536,17,8
39023,"Ohio","Clark",50832,7500,32654,74.2,2021,79,66,"83",56,65,11727,17883,11466,21,9
39025,"Ohio","Clermont",68724,9946,44834,77.9,2021,25,24,"37",27,23,8020,9122,8145,17,7
39035,"Ohio","Cuyahoga",52503,64175,7447,77,2021,67,53,"56",10,72,8939,13007,7377,19,11
39041,"Ohio","Delaware",110252,6450,33641,82.3,2021,1,1,"1",1,1,4186,6263,4277,12,6
39043,"Ohio","Erie",60790,3087,20409,76.8,2021,45,35,"52",24,46,8799,11770,8720,18,8
39045,"Ohio","Fairfield",71782,6823,50734,78,2021,13,17,"12",21,16,7039,5863,7278,16,8
39049,"Ohio","Franklin",64648,86703,15753,77.2,2021,38,18,"42",8,40,8285,12047,7628,16,9
39057,"Ohio","Greene",69709,7118,24090,78.9,2021,11,7,"11",15,15,6822,7759,6917,16,7
39061,"Ohio","Hamilton",60251,40518,17908,76.6,2021,55,28,"58",2,52,9110,13146,7915,18,9
39081,"Ohio","Jefferson",47652,2916,27174,74.8,2021,70,74,"77",68,70,10642,28639,9542,20,9
39085,"Ohio","Lake",65040,11164,15020,78.5,2021,12,12,"16",25,21,7239,8761,7403,16,7
39089,"Ohio","Licking",66321,8522,59151,77.6,2021,15,20,"15",28,19,7203,6340,7438,17,8
39093,"Ohio","Lorain",59201,15195,35373,77.7,2021,34,33,"35",40,49,7932,13054,7519,18,8
39095,"Ohio","Lucas",49924,26505,20589,75.6,2021,72,69,"69",32,81,9889,14340,9029,20,10
39099,"Ohio","Mahoning",48018,10353,36202,76.4,2021,71,58,"61",20,79,9341,16949,7982,20,11
39101,"Ohio","Marion",51479,2912,20117,75.2,2021,74,67,"73",57,58,10216,7681,10783,22,9
39109,"Ohio","Miami",63524,5378,31570,77.8,2021,14,21,"22",41,17,7500,12427,7578,17,6
39113,"Ohio","Montgomery",54704,29449,23179,74.9,2021,78,48,"80",22,63,11171,15069,10415,20,9
39119,"Ohio","Muskingum",52105,4533,40483,75.7,2021,65,56,"65",31,57,9620,12966,9523,21,8
39133,"Ohio","Portage",57439,8235,52967,78,2021,23,16,"14",34,29,7185,8637,7265,17,8
39139,"Ohio","Richland",51883,6221,39900,75.9,2021,62,64,"67",53,54,9760,11809,9859,21,8
39141,"Ohio","Ross",54728,3845,45801,75.3,2021,77,49,"64",7,61,9606,7032,9925,22,9
39143,"Ohio","Sandusky",58415,2553,26903,76.5,2021,42,25,"51",13,35,8730,16158,8917,19,7
39151,"Ohio","Stark",55623,20476,50817,77,2021,50,44,"43",16,45,8372,12475,8150,19,8
39153,"Ohio","Summit",57753,28054,21003,77.2,2021,44,32,"47",9,47,8522,13454,7725,17,9
39155,"Ohio","Trumbull",47966,10690,57359,75.5,2021,76,77,"76",55,82,10571,15875,10066,21,9
39165,"Ohio","Warren",91645,8690,36724,79.3,2021,6,2,"10",3,5,5921,6661,6235,14,7
40017,"Oklahoma","Canadian",75111,13644,26006,78.4,2021,1,2,"2",4,6,6733,7129,6852,17,7
40019,"Oklahoma","Carter",51895,6619,26669,74.7,2021,41,40,"30",29,39,9817,8943,9835,22,9
40027,"Oklahoma","Cleveland",64706,27075,43181,78.7,2021,5,1,"4",3,2,7056,7436,7317,17,7
40031,"Oklahoma","Comanche",51184,11326,27041,76.3,2021,25,30,"20",5,44,8947,10650,8636,22,8
40037,"Oklahoma","Creek",54737,7605,37743,75,2021,37,36,"40",33,37,10328,13815,9779,22,8
40089,"Oklahoma","McCurtain",40803,4796,22958,73.5,2021,71,74,"70",66,76,12692,22007,11770,28,8
40101,"Oklahoma","Muskogee",43392,8765,29189,73,2021,60,65,"61",41,69,11630,12346,11092,25,8
40109,"Oklahoma","Oklahoma",56272,98312,45097,76.1,2021,23,14,"18",2,31,8819,12642,8405,21,9
40111,"Oklahoma","Okmulgee",41725,4432,19454,73,2021,67,63,"69",48,62,12598,17870,11882,25,8
40143,"Oklahoma","Tulsa",57668,74588,28839,76.8,2021,16,16,"12",1,27,8484,13993,7871,20,8
41005,"Oregon","Clackamas",80539,20404,67974,81.1,2021,4,4,"5",3,3,5053,4972,5309,15,6
41039,"Oregon","Lane",57212,25708,61631,79.1,2021,16,10,"13",14,12,6433,9543,6592,18,7
41047,"Oregon","Marion",64058,26106,41289,79.7,2021,10,19,"8",23,16,5880,5360,6514,21,6
41051,"Oregon","Multnomah",72469,51361,9870,79.7,2021,7,5,"9",5,9,5903,10893,5828,17,7
41067,"Oregon","Washington",85665,34293,29611,82.7,2021,2,2,"2",7,2,4069,5474,4318,15,6
42003,"Pennsylvania","Allegheny",64799,42145,30416,78.1,2021,24,10,"39",14,15,7750,13993,6872,16,8
42007,"Pennsylvania","Beaver",60323,5537,44046,76.9,2021,45,21,"55",22,21,8676,15069,8156,17,7
42011,"Pennsylvania","Berks",67418,21320,97660,79.3,2021,17,31,"15",31,38,6683,10049,6465,19,8
42013,"Pennsylvania","Blair",51004,5049,29778,77.1,2021,39,38,"47",47,32,8038,11877,7994,18,7
42017,"Pennsylvania","Bucks",93587,23135,55207,79.9,2021,5,5,"11",5,6,6261,7368,6566,13,8
42021,"Pennsylvania","Cambria",48798,4500,45986,76.1,2021,62,47,"62",50,55,9711,19857,9371,19,9
42029,"Pennsylvania","Chester",102233,20360,66235,81.4,2021,1,2,"3",10,1,5038,9167,5166,13,7
42041,"Pennsylvania","Cumberland",75269,9338,52208,80,2021,6,4,"8",4,4,5925,6728,6172,15,7
42043,"Pennsylvania","Dauphin",60763,12542,35720,78.7,2021,37,20,"36",20,23,7632,10935,6834,18,9
42045,"Pennsylvania","Delaware",76783,24091,2593,78.6,2021,22,11,"30",15,20,7441,10085,7037,16,9
42049,"Pennsylvania","Erie",51923,10834,56168,77.7,2021,47,29,"42",13,45,7921,13288,7553,18,9
42051,"Pennsylvania","Fayette",48055,5310,65431,75.2,2021,66,65,"66",54,65,10187,12209,10181,21,9
42055,"Pennsylvania","Franklin",62699,8850,60374,79.3,2021,12,18,"16",53,8,6721,9798,6729,18,7
42069,"Pennsylvania","Lackawanna",53655,9323,34965,76.9,2021,53,32,"52",29,46,8546,14614,8537,18,9
42071,"Pennsylvania","Lancaster",67515,35924,110419,80.5,2021,9,16,"7",45,13,5905,6449,5872,18,7
42073,"Pennsylvania","Lawrence",50979,3320,36733,76.3,2021,65,57,"64",44,48,9791,15911,9476,18,9
42075,"Pennsylvania","Lebanon",61560,7552,35470,78.9,2021,29,19,"19",12,19,6898,9667,6671,19,8
42077,"Pennsylvania","Lehigh",65436,19532,27700,79.6,2021,13,23,"12",19,36,6360,7948,6676,19,8
42079,"Pennsylvania","Luzerne",53439,13432,64135,76.3,2021,60,62,"59",30,64,9007,13121,9360,20,8
42081,"Pennsylvania","Lycoming",53762,4912,42121,78.1,2021,30,25,"25",6,30,7282,14990,6823,18,8
42085,"Pennsylvania","Mercer",54099,4735,51891,76.8,2021,52,46,"58",49,43,8813,15959,8322,18,8
42089,"Pennsylvania","Monroe",63012,8806,65141,78.9,2021,36,41,"26",62,52,7295,7950,8178,19,9
42091,"Pennsylvania","Montgomery",92340,25700,23466,80.9,2021,4,1,"4",2,2,5231,7786,5264,14,7
42095,"Pennsylvania","Northampton",73780,12191,38016,80.1,2021,11,14,"9",16,14,6017,8907,6095,17,8
42097,"Pennsylvania","Northumberland",47967,3899,32953,77,2021,55,60,"56",28,62,8733,10907,8485,20,7
42101,"Pennsylvania","Philadelphia",47598,101687,0,76.4,2021,67,67,"65",64,67,10027,12795,8961,24,11
42107,"Pennsylvania","Schuylkill",55951,5778,54068,75.7,2021,63,55,"63",40,59,9758,7505,10249,20,8
42125,"Pennsylvania","Washington",65558,6427,64060,77,2021,33,17,"53",25,11,8560,14559,8523,16,7
42129,"Pennsylvania","Westmoreland",59407,11208,92620,77.9,2021,20,12,"46",11,9,8008,14084,7854,15,7
42133,"Pennsylvania","York",69101,19432,107527,79,2021,19,15,"21",17,12,7027,10235,6885,17,8
44007,"Rhode Island","Providence",62165,26684,34522,79.4,2021,5,5,"5",5,5,6400,8110,6879,19,8
45001,"South Carolina","Abbeville",46499,2343,19972,76.2,2021,22,22,"20",20,24,9821,13371,8392,22,9
45003,"South Carolina","Aiken",56824,15283,59235,76.5,2021,16,14,"18",21,15,9511,11798,9213,19,10
45007,"South Carolina","Anderson",54496,18094,70969,76.3,2021,13,12,"14",9,11,8977,10235,8990,19,9
45009,"South Carolina","Bamberg",35364,1244,8714,73.5,2021,39,39,"41",32,39,13649,16166,9568,25,12
45011,"South Carolina","Barnwell",36675,1816,18672,73.6,2021,35,40,"33",33,40,12378,14063,11951,25,12
45013,"South Carolina","Beaufort",73890,16125,31873,82.9,2021,1,3,"1",5,7,5899,10642,5225,14,8
45015,"South Carolina","Berkeley",68690,20065,51492,78.8,2021,7,8,"6",15,5,7347,9518,7013,18,9
45017,"South Carolina","Calhoun",47090,1364,15175,76,2021,25,26,"25",27,25,11072,12451,11494,21,11
45019,"South Carolina","Charleston",70980,32652,38106,79,2021,3,1,"5",1,1,7270,12593,5471,14,9
45021,"South Carolina","Cherokee",46905,5470,33786,73.8,2021,30,29,"30",25,21,11476,13282,11354,22,11
45023,"South Carolina","Chester",45400,2732,23789,72.9,2021,34,37,"36",26,35,12513,15048,11300,23,12
45025,"South Carolina","Chesterfield",42441,4765,34474,74.5,2021,28,32,"28",43,29,11254,12646,10969,25,11
45027,"South Carolina","Clarendon",39900,3245,29973,75.7,2021,27,38,"26",40,38,11174,12840,9802,25,11
45029,"South Carolina","Colleton",40808,3738,29390,71.9,2021,40,33,"42",38,34,13795,16003,12376,25,11
45031,"South Carolina","Darlington",44007,6025,39673,73.3,2021,31,28,"34",39,31,12416,12457,12780,23,12
45033,"South Carolina","Dillon",35483,3372,22285,72.9,2021,43,44,"38",37,42,13023,13827,12748,30,12
45035,"South Carolina","Dorchester",68051,12894,26605,78.3,2021,4,6,"4",16,6,7213,8597,6972,17,8
45037,"South Carolina","Edgefield",52591,2378,19783,80.6,2021,9,19,"2",28,20,6872,9559,5624,22,9
45039,"South Carolina","Fairfield",42496,1933,18761,74,2021,33,36,"35",23,36,12492,12881,12914,25,12
45041,"South Carolina","Florence",49770,12506,52726,73.9,2021,29,21,"31",24,18,11627,13895,10154,21,13
45043,"South Carolina","Georgetown",53747,5542,24976,75.8,2021,24,18,"29",19,28,11261,12721,10933,20,11
45045,"South Carolina","Greenville",64399,52874,56880,78.4,2021,5,2,"7",2,4,7365,10383,7136,16,8
45047,"South Carolina","Greenwood",43958,6882,27692,75.9,2021,20,17,"19",4,22,9714,11887,9016,21,10
45049,"South Carolina","Hampton",37560,1566,16550,73.2,2021,38,30,"32",36,32,12301,12661,12541,27,13
45051,"South Carolina","Horry",53648,41075,81799,77.2,2021,17,16,"15",31,17,9249,11591,9316,18,9
45053,"South Carolina","Jasper",50790,4107,16519,77.4,2021,23,35,"21",46,27,9861,10583,10210,24,10
45055,"South Carolina","Kershaw",56318,5631,35587,76.9,2021,14,13,"13",12,12,8948,9221,9323,19,9
45057,"South Carolina","Lancaster",63842,8051,38291,77.8,2021,11,15,"17",34,13,9346,12323,9027,18,10
45059,"South Carolina","Laurens",47038,6851,42713,73.8,2021,26,27,"24",22,26,10964,12548,10860,23,11
45061,"South Carolina","Lee",37710,1323,13829,71.5,2021,44,42,"44",41,41,13980,14368,13356,28,14
45063,"South Carolina","Lexington",62059,25844,66322,78,2021,6,7,"9",7,3,7569,9143,7568,16,8
45067,"South Carolina","Marion",35138,3066,20086,72.1,2021,42,43,"43",44,44,13959,15222,12371,26,13
45069,"South Carolina","Marlboro",34532,2263,15927,72.4,2021,41,45,"39",42,45,13300,12578,15290,29,12
45071,"South Carolina","Newberry",50773,3843,25449,77.2,2021,19,20,"12",18,16,8375,11368,7888,22,12
45073,"South Carolina","Oconee",52240,8413,48219,76.3,2021,18,11,"22",14,14,9869,9534,10562,20,8
45075,"South Carolina","Orangeburg",38736,7725,58995,73.9,2021,36,34,"37",30,37,12580,13152,12307,24,12
45077,"South Carolina","Pickens",52949,11973,42673,77.1,2021,10,9,"11",13,10,8059,8501,8397,18,8
45079,"South Carolina","Richland",52905,32707,34876,77.7,2021,8,5,"10",3,9,7864,9753,6188,16,11
45081,"South Carolina","Saluda",49493,2792,16005,79.1,2021,12,25,"8",45,19,7562,10565,7485,22,10
45083,"South Carolina","Spartanburg",55588,28778,77992,75.9,2021,15,10,"16",11,8,9341,11123,9495,19,9
45085,"South Carolina","Sumter",49611,9840,34349,75.3,2021,21,24,"23",29,23,10103,11484,9369,22,11
45087,"South Carolina","Union",42851,2316,18928,73.9,2021,32,31,"27",17,30,11252,11657,11566,23,13
45089,"South Carolina","Williamsburg",34409,2570,28205,72.1,2021,46,41,"46",35,43,15223,16636,14190,27,13
45091,"South Carolina","York",68468,20667,51895,78.2,2021,2,4,"3",6,2,7095,9212,7045,15,8
46099,"South Dakota","Minnehaha",63162,13864,23109,78.6,2021,19,10,"13",10,15,6682,9209,6246,13,7
47001,"Tennessee","Anderson",50973,6327,26041,74.9,2021,36,21,"59",9,26,10513,11912,10854,21,9
47003,"Tennessee","Bedford",50539,5340,25053,74.9,2021,35,46,"35",63,36,9846,10942,10185,25,9
47009,"Tennessee","Blount",59368,10619,40140,77,2021,10,10,"14",10,9,8763,8565,9084,20,8
47011,"Tennessee","Bradley",52534,10488,32630,76.6,2021,16,26,"9",43,16,8450,10329,8587,22,9
47037,"Tennessee","Davidson",63846,73401,21382,77,2021,8,9,"11",19,11,8539,11719,7721,19,9
47043,"Tennessee","Dickson",59126,5072,33650,74.8,2021,27,18,"47",42,17,10257,14933,10042,22,8
47045,"Tennessee","Dyer",48770,2937,16432,73.1,2021,82,73,"78",79,67,11637,16072,11137,24,11
47047,"Tennessee","Fayette",67345,2772,30363,78.1,2021,20,24,"12",25,22,8600,13059,6877,21,10
47053,"Tennessee","Gibson",46384,3864,23706,74.1,2021,44,34,"54",22,35,10452,15163,9556,24,9
47063,"Tennessee","Hamblen",46842,6764,13680,75.1,2021,46,50,"41",50,45,10029,15771,10277,25,8
47065,"Tennessee","Hamilton",57802,31498,33721,77.3,2021,18,8,"10",6,13,8534,12090,7987,20,10
47069,"Tennessee","Hardeman",40989,1803,21859,74.9,2021,79,82,"33",48,86,9794,10539,8956,30,12
47075,"Tennessee","Haywood",38950,1420,8908,73.5,2021,90,85,"88",62,85,12640,14906,10724,29,12
47093,"Tennessee","Knox",60316,35532,47205,76.3,2021,13,2,"24",2,5,9209,14474,8974,19,8
47095,"Tennessee","Lake",34059,412,7832,72.4,2021,86,95,"82",87,95,11872,9473,13494,30,10
47097,"Tennessee","Lauderdale",43545,2223,16317,73.4,2021,87,94,"68",84,90,10958,10908,11588,30,11
47107,"Tennessee","McMinn",49836,4826,31538,74.4,2021,60,38,"72",36,41,11206,14893,11346,24,9
47113,"Tennessee","Madison",50401,7824,25386,75.7,2021,47,20,"40",5,43,10019,12681,8625,24,10
47119,"Tennessee","Maury",66434,7014,33672,76,2021,14,6,"13",4,7,8652,10812,8610,21,9
47125,"Tennessee","Montgomery",57606,14167,34022,75.6,2021,12,14,"18",13,12,8999,11410,8912,21,8
47131,"Tennessee","Obion",44061,2443,19588,75.5,2021,50,61,"21",34,61,9150,13206,8863,27,9
47147,"Tennessee","Robertson",65790,6388,35289,75.9,2021,9,16,"15",41,10,8769,13619,8719,20,8
47149,"Tennessee","Rutherford",69614,25442,44699,77.6,2021,4,3,"4",12,3,7311,8746,7335,19,9
47157,"Tennessee","Shelby",52659,95082,25601,75.5,2021,69,42,"63",37,69,10577,13145,7827,23,12
47163,"Tennessee","Sullivan",51303,13179,40086,75.7,2021,28,17,"31",7,25,9723,14336,9783,22,8
47165,"Tennessee","Sumner",69391,13842,44792,78,2021,3,5,"3",23,4,7296,9243,7319,18,8
47167,"Tennessee","Tipton",61436,5047,33671,75.4,2021,24,27,"23",46,23,9191,11845,8904,22,9
47179,"Tennessee","Washington",51879,9898,32493,75.5,2021,21,7,"30",3,15,9691,12186,9730,20,8
47183,"Tennessee","Weakley",42506,2943,23466,75.9,2021,15,30,"20",54,31,9101,14916,8906,24,7
47187,"Tennessee","Williamson",119637,10181,35512,81.7,2021,1,1,"1",1,1,4273,6690,4395,12,6
47189,"Tennessee","Wilson",80080,9671,43850,78.3,2021,2,4,"2",11,2,7276,10060,7136,17,9
48001,"Texas","Anderson",48461,6023,39204,73.3,2021,201,190,"229",92,149,11034,12939,10790,24,7
48005,"Texas","Angelina",51750,12575,37383,76.3,2021,179,150,"144",44,139,8689,13503,8442,25,9
48021,"Texas","Bastrop",62627,12757,47360,78.3,2021,57,145,"58",99,129,7492,7730,8787,22,8
48027,"Texas","Bell",54831,40560,47113,78.2,2021,62,50,"56",24,62,7426,9639,7743,20,9
48029,"Texas","Bexar",58956,264129,77835,78.9,2021,53,25,"39",16,100,6970,9858,7119,22,9
48037,"Texas","Bowie",51207,9457,32791,75.3,2021,197,170,"184",22,177,9573,12804,8848,21,10
48039,"Texas","Brazoria",83704,42099,70552,79.4,2021,17,39,"19",43,36,6092,6938,7254,18,8
48041,"Texas","Brazos",54471,27612,23506,81,2021,10,16,"8",10,43,4907,9715,4442,19,8
48051,"Texas","Burleson",61745,2460,13175,77.4,2021,87,160,"59",113,89,7508,13643,7197,21,9
48067,"Texas","Cass",44529,3280,22547,75.5,2021,200,210,"213",87,168,10331,15468,9694,22,8
48071,"Texas","Chambers",93351,4485,16046,78.2,2021,39,105,"50",186,70,7206,11504,7783,19,8
48073,"Texas","Cherokee",46576,7487,32057,75.9,2021,177,208,"187",107,179,9686,12413,10607,25,8
48085,"Texas","Collin",96847,91532,41016,82.7,2021,1,1,"1",1,3,4089,5552,4455,14,8
48089,"Texas","Colorado",55607,2865,13070,77.5,2021,139,70,"154",167,83,8982,16219,7184,22,9
48099,"Texas","Coryell",53083,7162,14643,77.3,2021,71,73,"42",59,55,7110,6111,8308,21,9
48113,"Texas","Dallas",61807,461559,16300,79.1,2021,44,62,"36",40,123,6802,10711,6812,23,9
48121,"Texas","Denton",90910,83386,45759,82,2021,4,5,"4",11,4,4268,5346,4749,14,7
48123,"Texas","DeWitt",52544,2196,9973,76.1,2021,137,127,"143",124,128,8665,17544,7910,24,8
48135,"Texas","Ector",65564,24498,12966,74.9,2021,169,139,"190",137,122,9731,11969,14287,24,9
48139,"Texas","Ellis",78341,23041,47838,78.6,2021,14,40,"31",49,18,6433,8314,7282,18,7
48141,"Texas","El Paso",48629,149061,17409,80.1,2021,48,122,"21",140,148,6214,8949,8401,27,8
48145,"Texas","Falls",41484,2116,12034,77.7,2021,164,209,"61",208,189,7536,9520,8867,27,10
48157,"Texas","Fort Bend",101361,75326,32405,83,2021,3,3,"2",8,8,4242,6139,4567,15,9
48167,"Texas","Galveston",73214,41375,17915,78,2021,55,77,"57",48,78,7481,12762,7507,19,9
48181,"Texas","Grayson",57439,18310,52159,76.1,2021,120,106,"152",110,41,8948,12901,9444,19,8
48183,"Texas","Gregg",53137,18003,16266,75.5,2021,161,125,"180",28,131,9445,14172,9168,23,8
48185,"Texas","Grimes",51651,3749,18331,76.7,2021,186,204,"155",120,176,8989,11368,8971,25,10
48187,"Texas","Guadalupe",78801,17326,34412,80,2021,21,19,"20",41,19,6143,6197,6269,19,8
48199,"Texas","Hardin",62616,6149,28163,75.9,2021,159,148,"182",66,97,9471,24055,8763,19,9
48201,"Texas","Harris",61638,789149,49653,79.9,2021,30,90,"30",61,160,6391,10743,6556,22,9
48203,"Texas","Harrison",55171,8302,36789,76.5,2021,162,198,"189",71,174,9714,15039,9433,22,8
48209,"Texas","Hays",72890,28256,49822,80.7,2021,8,12,"7",26,13,4886,8427,5030,18,7
48213,"Texas","Henderson",49896,12011,47206,74.9,2021,202,200,"222",88,170,10723,16387,11382,22,8
48217,"Texas","Hill",53210,5426,26761,76.4,2021,141,142,"164",148,82,9112,14780,10045,22,8
48225,"Texas","Houston",43601,2776,17440,76.6,2021,216,205,"192",157,147,9750,10543,10961,27,9
48231,"Texas","Hunt",57513,13225,48776,76.4,2021,142,172,"147",125,103,8805,16945,8849,22,8
48241,"Texas","Jasper",47252,3905,27920,74.9,2021,227,229,"225",57,230,10795,14404,10495,23,9
48245,"Texas","Jefferson",55173,35700,21196,76.2,2021,178,213,"177",55,223,9409,13034,9604,24,10
48251,"Texas","Johnson",66538,22624,57165,77.1,2021,52,102,"72",69,51,7766,8390,8577,20,7
48257,"Texas","Kaufman",75009,16638,50453,76.6,2021,76,69,"70",46,40,7757,10688,8431,20,8
48277,"Texas","Lamar",47061,6921,23444,74.8,2021,215,174,"219",54,144,10617,13688,10482,22,9
48291,"Texas","Liberty",53274,12593,47827,74.1,2021,212,223,"210",197,202,10282,9770,11985,25,9
48293,"Texas","Limestone",43644,3208,12538,75.5,2021,231,207,"216",129,167,10407,12020,12551,25,10
48303,"Texas","Lubbock",54733,34738,31607,76.4,2021,123,43,"139",12,108,8522,16137,7728,21,9
48309,"Texas","McLennan",51078,32666,54855,77.8,2021,102,85,"69",18,104,7731,12753,7260,22,8
48321,"Texas","Matagorda",49276,5234,13366,75.9,2021,163,214,"173",155,215,9337,12700,11963,26,8
48329,"Texas","Midland",85811,19605,16824,78.7,2021,27,15,"52",25,16,7223,13193,7922,19,8
48331,"Texas","Milam",48989,3133,13909,76.7,2021,157,220,"181",179,206,9454,16060,9475,24,7
48339,"Texas","Montgomery",88833,74236,103571,79.7,2021,9,24,"18",35,28,6071,8459,6615,16,7
48347,"Texas","Nacogdoches",46207,9057,29978,77,2021,127,183,"108",86,155,8458,11455,8956,23,8
48349,"Texas","Navarro",48649,7443,25136,75.6,2021,191,167,"185",94,132,9577,9374,11189,24,9
48351,"Texas","Newton",45890,1688,14445,76.9,2021,222,225,"200",65,231,9981,10856,10005,24,10
48355,"Texas","Nueces",56079,53216,21935,78.4,2021,89,95,"80",30,185,7952,12901,8626,24,9
48361,"Texas","Orange",62976,9501,28783,74.3,2021,208,202,"212",77,157,10299,14333,10525,20,10
48365,"Texas","Panola",56882,2955,17304,75.7,2021,173,171,"178",135,134,9412,12995,9304,22,9
48373,"Texas","Polk",50416,6786,35258,73.7,2021,167,215,"188",45,220,9712,8973,10745,24,7
48375,"Texas","Potter",41138,20260,10892,73.8,2021,228,143,"220",60,180,10643,14190,12646,26,10
48381,"Texas","Randall",70694,12701,17355,79.2,2021,18,9,"35",9,12,6780,9457,7217,16,8
48395,"Texas","Robertson",47016,2371,12276,76.5,2021,203,199,"197",195,173,9945,13862,10361,22,10
48397,"Texas","Rockwall",105763,9519,12562,80.5,2021,6,4,"9",7,1,4923,6579,5165,14,8
48401,"Texas","Rusk",56036,7058,35130,77,2021,100,181,"97",153,115,8248,10869,8075,23,7
48407,"Texas","San Jacinto",42633,4237,26384,77.2,2021,207,232,"195",218,205,9807,14989,9962,24,9
48419,"Texas","Shelby",39708,4327,20214,74.9,2021,214,222,"202",183,212,10117,10429,11539,26,8
48423,"Texas","Smith",59538,34195,66286,78.1,2021,67,46,"66",17,60,7667,10838,8004,21,8
48439,"Texas","Tarrant",70130,293100,23304,79.3,2021,35,32,"26",33,45,6323,8848,6720,21,8
48441,"Texas","Taylor",54465,17085,21085,75.6,2021,140,34,"172",15,52,9300,14299,9250,20,9
48449,"Texas","Titus",49924,5304,16347,76.9,2021,84,177,"65",144,183,7609,15094,9792,26,7
48451,"Texas","Tom Green",54774,13316,17240,77.8,2021,69,33,"63",23,49,7594,11270,8216,21,8
48453,"Texas","Travis",80690,143223,55961,81.9,2021,7,7,"5",4,15,4665,7972,4735,16,8
48457,"Texas","Tyler",48254,2261,17006,75.7,2021,209,235,"223",182,227,10738,13860,10896,22,8
48459,"Texas","Upshur",53078,5698,31172,75.3,2021,175,135,"215",123,116,10394,12490,10883,20,8
48469,"Texas","Victoria",57344,11467,23110,78.2,2021,83,84,"84",32,117,8039,10616,8485,23,8
48471,"Texas","Walker",47519,8209,30933,78.8,2021,43,179,"29",106,178,6379,6393,7015,23,8
48473,"Texas","Waller",61822,8174,26632,79.7,2021,34,155,"24",191,110,6295,10591,6493,23,8
48477,"Texas","Washington",59039,3987,18036,80.2,2021,59,49,"45",27,50,7179,12934,6063,20,8
48481,"Texas","Wharton",49901,6464,20597,77.3,2021,148,144,"89",168,137,8116,12295,7562,25,9
48485,"Texas","Wichita",51535,15060,14027,75.4,2021,165,56,"183",19,75,9500,13004,9526,22,8
48491,"Texas","Williamson",92661,49757,50679,82.1,2021,2,2,"3",3,2,4248,5470,4866,15,7
49011,"Utah","Davis",87610,17065,2818,80.7,2021,4,4,"5",3,2,4984,6931,4988,12,7
49035,"Utah","Salt Lake",79941,96276,9301,79.8,2021,10,10,"10",8,10,6190,9317,6348,16,8
49057,"Utah","Weber",71835,17639,13414,78.5,2021,15,15,"15",6,12,6654,10974,6748,16,8
50007,"Vermont","Chittenden",76483,5348,40680,81.8,2021,2,1,"2",1,1,4994,11633,4815,11,6
51001,"Virginia","Accomack",47335,3595,33164,76.8,2021,95,115,"79",119,114,8645,10384,7880,24,10
51003,"Virginia","Albemarle",86332,6922,44559,82.7,2021,7,7,"5",5,10,4567,7765,4408,14,7
51009,"Virginia","Amherst",56218,2579,20597,78,2021,55,70,"49",103,62,7579,8254,7552,20,8
51011,"Virginia","Appomattox",54609,1273,14973,77.4,2021,75,86,"61",110,70,8097,11412,7208,20,9
51013,"Virginia","Arlington",118986,12590,0,85.9,2021,1,2,"1",10,2,2821,5711,2491,11,7
51019,"Virginia","Bedford",66591,5588,53864,79,2021,32,38,"37",55,29,6754,7611,6929,16,7
51025,"Virginia","Brunswick",43835,1210,13164,74.9,2021,118,128,"116",106,127,11056,11849,10767,26,11
51029,"Virginia","Buckingham",47202,1412,17146,78.8,2021,87,124,"58",129,116,7995,12740,5620,24,10
51031,"Virginia","Campbell",48984,4540,33516,79.1,2021,44,74,"38",89,54,6761,7104,6945,19,8
51033,"Virginia","Caroline",64647,2461,22380,77.5,2021,57,83,"57",104,66,7947,8458,8134,18,9
51037,"Virginia","Charlotte",43001,1177,12586,74.8,2021,116,122,"115",130,115,10929,12719,10375,24,11
51041,"Virginia","Chesterfield",81641,24775,18749,79.2,2021,22,16,"29",17,22,6436,7316,6569,15,8
51047,"Virginia","Culpeper",79739,4485,28911,77.9,2021,41,65,"47",84,46,7539,10265,7531,18,7
51053,"Virginia","Dinwiddie",58474,2273,19939,77.4,2021,82,92,"62",105,76,8137,6635,9215,21,10
51057,"Virginia","Essex",53538,886,8617,75.9,2021,124,88,"119",48,100,11283,12371,11830,22,14
51059,"Virginia","Fairfax",127898,75885,15079,85.6,2021,4,4,"3",14,5,3430,4692,3583,12,7
51061,"Virginia","Fauquier",103827,5055,37489,80.1,2021,12,22,"23",77,11,6233,11166,6248,14,5
51065,"Virginia","Fluvanna",75089,1853,16163,80.1,2021,26,18,"35",27,15,6678,8723,5959,15,8
51067,"Virginia","Franklin",61878,4312,50111,78.4,2021,67,76,"63",51,65,8213,10424,8320,19,8
51081,"Virginia","Greensville",47315,599,10653,74.1,2021,120,117,"99",67,118,9649,9394,9555,28,13
51083,"Virginia","Halifax",42619,2517,27935,75.8,2021,103,109,"105",83,104,10126,11653,9491,22,10
51085,"Virginia","Hanover",90824,5432,39032,79.6,2021,14,10,"21",12,7,6199,10411,5995,13,7
51087,"Virginia","Henrico",68975,24590,13103,79.4,2021,28,17,"31",13,26,6474,7888,6154,15,8
51089,"Virginia","Henry",41908,4911,32881,76.1,2021,107,114,"103",109,96,9968,10269,10361,26,9
51093,"Virginia","Isle of Wight",78749,2256,20240,79.2,2021,38,50,"27",35,39,6293,6749,6332,17,8
51095,"Virginia","James City",92773,3777,10622,81.8,2021,11,8,"11",8,12,5416,9048,4477,13,7
51099,"Virginia","King George",85657,1434,17261,78.6,2021,39,36,"52",107,19,7708,8536,7620,15,8
51107,"Virginia","Loudoun",151806,21773,39354,84.7,2021,2,3,"2",18,4,3174,5115,3440,12,7
51109,"Virginia","Louisa",64135,3281,33153,78,2021,60,64,"64",76,52,8277,11454,8020,19,7
51111,"Virginia","Lunenburg",44860,1131,12914,75.6,2021,126,121,"108",122,108,10332,15623,7439,26,14
51117,"Virginia","Mecklenburg",43128,2258,25465,74.6,2021,114,111,"121",63,110,11316,14863,9755,23,10
51131,"Virginia","Northampton",45235,1053,12389,76.4,2021,101,107,"101",46,123,9899,12349,9695,23,10
51135,"Virginia","Nottoway",45913,1301,8298,75,2021,104,118,"89",116,106,9093,10008,8511,25,11
51137,"Virginia","Orange",71691,2778,19345,77.7,2021,52,56,"65",69,55,8298,9745,8099,18,8
51143,"Virginia","Pittsylvania",51682,5165,54380,76.7,2021,90,98,"97",82,89,9501,12517,8994,22,8
51147,"Virginia","Prince Edward",44586,1745,14771,76.6,2021,92,95,"83",100,97,8677,11581,6799,21,11
51149,"Virginia","Prince George",74518,2101,19078,81,2021,27,49,"17",54,42,5884,4621,7465,18,8
51153,"Virginia","Prince William",106208,42521,16748,82.4,2021,10,28,"6",91,21,4608,6002,4887,16,7
51159,"Virginia","Richmond",49758,608,9254,75.8,2021,105,68,"104",39,72,10077,16464,7487,24,10
51161,"Virginia","Roanoke",71742,5310,17127,79.3,2021,34,14,"36",7,16,6739,7522,7032,16,7
51175,"Virginia","Southampton",62327,1155,18192,78.1,2021,76,85,"55",115,58,7928,9868,6841,20,10
51177,"Virginia","Spotsylvania",90262,10094,39568,79.7,2021,35,42,"40",98,32,6799,7091,7347,16,7
51179,"Virginia","Stafford",109090,8348,25476,80.1,2021,9,20,"10",87,17,5331,5911,5725,14,7
51183,"Virginia","Sussex",45134,784,12087,74.9,2021,117,126,"112",121,124,10577,8769,11954,26,12
51193,"Virginia","Westmoreland",54885,1457,13761,77,2021,89,96,"84",113,99,8740,6420,10743,20,11
51199,"Virginia","York",91535,3580,3993,82.2,2021,6,6,"7",3,8,4779,7000,4617,13,7
51510,"Virginia","Alexandria City",102589,14327,0,84.1,2021,5,9,"4",60,6,3667,5666,2953,13,7
51540,"Virginia","Charlottesville City",58717,3794,0,79.8,2021,23,12,"15",2,43,5763,11558,4443,18,6
51550,"Virginia","Chesapeake City",77361,14337,16948,78.6,2021,36,32,"33",29,38,6639,7743,6414,16,9
51570,"Virginia","Colonial Heights City",57688,1250,0,75,2021,96,75,"109",42,69,10339,14425,10244,19,10
51590,"Virginia","Danville City",36073,3119,1944,72,2021,127,119,"127",40,131,13113,14078,12537,25,13
51620,"Virginia","Franklin City",45433,502,279,70.7,2021,128,113,"129",47,112,14620,16352,11998,25,12
51630,"Virginia","Fredericksburg City",62121,2372,283,77.8,2021,54,72,"54",80,84,7861,9857,7295,18,8
51650,"Virginia","Hampton City",55816,8896,342,76.6,2021,80,67,"85",45,80,8824,9429,8817,19,10
51670,"Virginia","Hopewell City",38293,1987,0,71.1,2021,129,131,"128",123,126,14304,14072,15642,25,13
51680,"Virginia","Lynchburg City",50612,5776,2034,76.3,2021,72,60,"76",41,77,8534,12115,6957,21,8
51683,"Virginia","Manassas City",84405,5069,0,78.4,2021,29,51,"28",96,51,6419,9321,7565,20,7
51690,"Virginia","Martinsville City",37814,939,0,67.9,2021,130,105,"130",93,120,16024,16837,16615,25,12
51700,"Virginia","Newport News City",53022,14119,51,76.8,2021,73,81,"69",59,83,8425,11305,6941,20,10
51710,"Virginia","Norfolk City",52437,20371,0,75.4,2021,99,90,"95",72,98,9410,12658,7775,20,11
51730,"Virginia","Petersburg City",40240,2736,683,67.4,2021,133,132,"133",108,132,19445,18176,28201,28,12
51740,"Virginia","Portsmouth City",50411,7221,0,74.6,2021,111,108,"110",50,117,10363,12093,8790,23,12
51760,"Virginia","Richmond City",50949,22752,0,77.4,2021,102,93,"91",49,109,9173,13315,4971,23,11
51770,"Virginia","Roanoke City",45534,9607,6,74,2021,110,100,"117",66,102,11162,12570,11412,22,10
51790,"Virginia","Staunton City",54296,1654,877,75.4,2021,65,21,"81",19,36,8663,8072,9058,17,9
51800,"Virginia","Suffolk City",77847,5677,18298,78.1,2021,45,45,"44",52,45,7008,8014,6499,18,9
51810,"Virginia","Virginia Beach City",78491,31056,6721,80.5,2021,24,19,"16",34,18,5840,7903,5678,16,8
51840,"Virginia","Winchester City",60254,2844,0,78,2021,49,35,"45",22,60,7110,10506,7276,19,9
53011,"Washington","Clark",80407,25594,58566,80.1,2021,10,10,"10",16,11,5579,8468,5683,16,6
53033,"Washington","King",102338,110135,61938,82.4,2021,2,1,"4",1,1,4540,8637,4415,12,7
53035,"Washington","Kitsap",79268,11206,42044,80.1,2021,13,4,"13",5,5,5774,8958,5680,15,6
53053,"Washington","Pierce",78779,46055,52411,79,2021,19,17,"19",17,16,6453,9381,6229,17,7
53061,"Washington","Snohomish",89119,44971,77179,80.5,2021,6,3,"8",19,2,5351,5914,5735,15,6
53063,"Washington","Spokane",59976,24845,64424,78.6,2021,26,14,"26",3,15,6642,10281,6615,16,7
53067,"Washington","Thurston",77890,13637,52947,80.2,2021,8,6,"9",10,8,5503,6422,5614,15,6
53077,"Washington","Yakima",55674,30215,57206,77.9,2021,34,38,"33",39,38,7717,11373,8308,26,7
54003,"West Virginia","Berkeley",63012,6736,32944,75.7,2021,11,11,"23",14,4,9597,11336,9840,20,8
54011,"West Virginia","Cabell",42125,5038,20765,71.3,2021,49,18,"53",4,25,15438,20492,15372,23,11
54037,"West Virginia","Jefferson",75225,2602,25879,78,2021,2,3,"3",9,1,7325,9687,7274,19,8
54039,"West Virginia","Kanawha",48334,10296,48629,73.3,2021,38,19,"42",6,19,12673,15475,12703,22,11
54055,"West Virginia","Mercer",41794,3617,25361,72.7,2021,46,36,"46",33,39,13072,16361,13128,27,11
54081,"West Virginia","Raleigh",45386,3655,30959,72.4,2021,44,26,"49",13,30,13810,13398,13904,24,10
55009,"Wisconsin","Brown",65494,13121,35947,79.9,2021,31,21,"20",17,24,5698,14294,5287,15,7
55025,"Wisconsin","Dane",77828,19748,60179,81.8,2021,6,2,"5",4,3,4681,10895,4484,12,7
55059,"Wisconsin","Kenosha",66460,8550,17846,78.2,2021,58,56,"48",54,57,6805,13086,6588,16,8
55063,"Wisconsin","La Crosse",59758,3837,19291,79.9,2021,25,4,"29",1,7,5896,18519,5677,14,7
55079,"Wisconsin","Milwaukee",53505,58536,1820,76.9,2021,70,70,"68",58,71,8922,14648,7083,20,10
55087,"Wisconsin","Outagamie",66994,8152,43712,80,2021,13,9,"15",7,9,5347,12224,4986,14,7
55101,"Wisconsin","Racine",61691,9005,23992,78.3,2021,61,58,"53",38,61,7062,14579,6061,16,8
55105,"Wisconsin","Rock",61624,8190,32734,78.2,2021,62,61,"60",62,54,7355,13280,7330,17,8
55133,"Wisconsin","Waukesha",91070,10339,38445,81.6,2021,3,3,"9",2,2,4778,8424,4816,11,6
55139,"Wisconsin","Winnebago",59643,6426,22429,79.8,2021,41,16,"27",6,19,5832,8694,5699,15,7
