"FIPS","State","County","Median.Household.Income","X..Uninsured","X..Rural","Life.Expectancy","Life.Expectancy..Black.","Life.Expectancy..White.","Year"
1001,"Alabama","Autauga",58233,4379,22921,77.2,74.9,77.5,2021
1003,"Alabama","Baldwin",59871,20981,77060,78.2,75.3,78.2,2021
1005,"Alabama","Barbour",35972,2145,18613,74.1,72.2,75.7,2021
1007,"Alabama","Bibb",47918,1641,15663,73.4,72.2,73.2,2021
1011,"Alabama","Bullock",31906,764,5607,74.4,72.2,78.7,2021
1013,"Alabama","Butler",39944,1720,14921,74.2,74,73.8,2021
1015,"Alabama","Calhoun",47747,9516,39955,73.5,73.7,73,2021
1017,"Alabama","Chambers",42015,2913,16816,75,76.7,74.4,2021
1021,"Alabama","Chilton",49692,5484,37858,74.9,76,74.4,2021
1023,"Alabama","Choctaw",39808,1221,13859,74.7,73,76,2021
1025,"Alabama","Clarke",43822,2220,19628,74.6,71.5,76.9,2021
1027,"Alabama","Clay",40562,1533,13932,74.9,71,75.3,2021
1031,"Alabama","Coffee",57299,4963,23573,76.4,75,75.9,2021
1033,"Alabama","Colbert",46683,4630,23891,74.6,74.2,74.4,2021
1035,"Alabama","Conecuh",41539,1088,10708,73.1,71,75.1,2021
1037,"Alabama","Coosa",42024,930,11539,74.9,76.1,74.8,2021
1039,"Alabama","Covington",44836,3242,26304,73.7,71.6,73.7,2021
1041,"Alabama","Crenshaw",43309,1285,13906,74.4,77.3,73.3,2021
1045,"Alabama","Dale",45120,4087,25572,75.3,73,75.3,2021
1047,"Alabama","Dallas",34034,3273,19999,72.2,71.7,73.5,2021
1051,"Alabama","Elmore",62310,5894,42973,76.3,73,76.7,2021
1053,"Alabama","Escambia",42712,3789,24337,73.4,72.4,73.7,2021
1055,"Alabama","Etowah",43047,9542,39144,73.3,71.9,73.3,2021
1057,"Alabama","Fayette",44212,1462,13833,74.5,69.6,75,2021
1061,"Alabama","Geneva",43089,2752,24015,73.7,72.4,73.3,2021
1065,"Alabama","Hale",40745,1228,14053,72.8,71.5,74.6,2021
1067,"Alabama","Henry",48597,1693,15183,76,73.8,76.6,2021
1069,"Alabama","Houston",50138,10258,34327,76.1,72.1,77.4,2021
1071,"Alabama","Jackson",44322,5080,40994,74,74.1,73.5,2021
1073,"Alabama","Jefferson",54127,56046,64752,74.6,72.7,76,2021
1077,"Alabama","Lauderdale",48188,7919,45701,76.6,73.2,76.8,2021
1079,"Alabama","Lawrence",47797,3444,31348,74.1,70.2,73.7,2021
1081,"Alabama","Lee",54160,13669,38441,77.9,74.3,78.7,2021
1083,"Alabama","Limestone",64729,7948,47690,77.7,77.7,77.3,2021
1085,"Alabama","Lowndes",33930,870,11299,71.2,69.2,76.4,2021
1087,"Alabama","Macon",34281,1424,11916,72.8,72.1,75.1,2021
1089,"Alabama","Madison",68609,26571,55048,77.7,76.2,77.6,2021
1091,"Alabama","Marengo",38838,1479,14575,72.3,71.8,75.4,2021
1095,"Alabama","Marshall",48913,10485,49550,74.9,74.5,74.3,2021
1097,"Alabama","Mobile",49492,42026,82682,75.2,73.2,76,2021
1099,"Alabama","Monroe",40005,2127,18234,74.3,71.5,76.6,2021
1101,"Alabama","Montgomery",52711,20582,24063,76.5,74.8,78.4,2021
1103,"Alabama","Morgan",54355,11873,46120,75.3,72.8,75.2,2021
1105,"Alabama","Perry",29572,718,10591,72.3,71.4,73.2,2021
1107,"Alabama","Pickens",40249,1616,19746,76.2,76.3,76.3,2021
1109,"Alabama","Pike",41271,3470,17002,75,71.8,76.9,2021
1111,"Alabama","Randolph",42922,2169,18638,73.6,71.5,73.8,2021
1113,"Alabama","Russell",43670,5487,18748,73.7,74.3,73,2021
1115,"Alabama","St. Clair",65403,7782,60853,75.5,76,75.2,2021
1117,"Alabama","Shelby",77801,13577,44762,80.7,79.2,80.6,2021
1119,"Alabama","Sumter",29209,1196,13763,73.7,71.9,77.7,2021
1121,"Alabama","Talladega",47719,7071,45931,73.3,72.5,73.3,2021
1123,"Alabama","Tallapoosa",47100,3432,30890,74.7,71.4,75.7,2021
1125,"Alabama","Tuscaloosa",52307,16171,49653,76.7,75,77.4,2021
1127,"Alabama","Walker",45991,6104,49656,70.5,69.6,70.3,2021
1129,"Alabama","Washington",48864,1655,17581,75.7,76.9,76,2021
1131,"Alabama","Wilcox",30998,864,11670,70.8,69.1,74,2021
2020,"Alaska","Anchorage",82512,25603,12015,79.3,76.3,80.6,2021
2090,"Alaska","Fairbanks North Star",74076,8606,30124,80.5,83.5,81.3,2021
2170,"Alaska","Matanuska-Susitna",75856,11156,44759,79.6,79.3,80.2,2021
4003,"Arizona","Cochise",48650,8492,47680,78.7,82.6,77.7,2021
4005,"Arizona","Coconino",58301,12402,42297,79.1,80.3,81.6,2021
4013,"Arizona","Maricopa",68634,381608,90229,80.5,77,80.7,2021
4015,"Arizona","Mohave",49712,15452,45970,76,75.7,75.7,2021
4019,"Arizona","Pima",56150,84056,73750,79.5,75.7,79.5,2021
4021,"Arizona","Pinal",62067,32784,82311,82.6,79.5,83,2021
4025,"Arizona","Yavapai",54242,19641,70057,79,86.1,78.5,2021
4027,"Arizona","Yuma",47024,18191,20416,82.9,77.4,81.5,2021
5001,"Arkansas","Arkansas",52539,1073,6601,74.2,73.2,74.6,2021
5003,"Arkansas","Ashley",47744,1333,11294,75,71.8,75.8,2021
5011,"Arkansas","Bradley",39982,872,5707,73,67.4,75.1,2021
5017,"Arkansas","Chicot",37014,598,6405,72.7,71.5,73.5,2021
5019,"Arkansas","Clark",44105,1217,12504,76.4,74.7,76.8,2021
5027,"Arkansas","Columbia",42964,1527,14114,75.5,71,77.9,2021
5029,"Arkansas","Conway",46924,1231,15001,74.8,75.7,74.8,2021
5031,"Arkansas","Craighead",47766,7462,31024,77,73.1,77.1,2021
5035,"Arkansas","Crittenden",41976,2953,10632,72.8,71.1,74.2,2021
5037,"Arkansas","Cross",45273,1065,10148,72.8,72.5,72.9,2021
5039,"Arkansas","Dallas",41314,355,4272,75.4,74.8,76.4,2021
5041,"Arkansas","Desha",37005,804,4087,72.8,71,73.2,2021
5043,"Arkansas","Drew",44162,1027,8997,75.4,75.1,75.1,2021
5045,"Arkansas","Faulkner",58482,7508,43891,76.7,74.4,76.7,2021
5051,"Arkansas","Garland",45786,6879,35436,75,70.9,75.1,2021
5057,"Arkansas","Hempstead",40867,1661,12609,75.9,76,74.7,2021
5059,"Arkansas","Hot Spring",45860,1833,21719,74,71.5,74.2,2021
5061,"Arkansas","Howard",41427,1086,9310,73.6,69.4,74.1,2021
5067,"Arkansas","Jackson",38636,859,11709,73.7,73.1,73.5,2021
5069,"Arkansas","Jefferson",40555,3466,23940,73.5,72.8,74.1,2021
5073,"Arkansas","Lafayette",37164,473,7645,76,74.4,77,2021
5077,"Arkansas","Lee",30421,413,6620,74.6,75.2,73.2,2021
5079,"Arkansas","Lincoln",44272,664,14134,74.4,79,73.1,2021
5081,"Arkansas","Little River",43257,753,9025,74.7,75.2,74.6,2021
5085,"Arkansas","Lonoke",62782,4199,30632,75.4,72.8,75.1,2021
5091,"Arkansas","Miller",50905,2669,17390,74.2,73.3,74.4,2021
5093,"Arkansas","Mississippi",39990,2360,16857,71.3,68.6,72.8,2021
5095,"Arkansas","Monroe",34289,402,5621,69.7,69.9,69.7,2021
5099,"Arkansas","Nevada",36528,454,6224,75.6,72.5,76.8,2021
5103,"Arkansas","Ouachita",46393,1334,14719,73.6,73.4,73.5,2021
5107,"Arkansas","Phillips",31521,1034,10436,71.1,69.9,73.6,2021
5111,"Arkansas","Poinsett",40536,1541,17488,71.4,68.8,71.2,2021
5115,"Arkansas","Pope",47519,4803,33652,77.3,73.7,76.9,2021
5119,"Arkansas","Pulaski",52684,24287,46989,76.3,73.5,77.7,2021
5123,"Arkansas","St. Francis",34389,1323,14568,75.2,73.2,76.2,2021
5125,"Arkansas","Saline",66944,6143,38734,77.3,75.8,77,2021
5131,"Arkansas","Sebastian",48945,12536,26170,76.2,74.1,75.2,2021
5139,"Arkansas","Union",46602,2492,22695,72.7,69.1,74.5,2021
5143,"Arkansas","Washington",52158,22033,51771,78.3,74.8,77.8,2021
5145,"Arkansas","White",46388,5288,41866,75.8,75.5,75.5,2021
5147,"Arkansas","Woodruff",36568,386,7260,73,76.7,71.7,2021
6001,"California","Alameda",107589,63772,5869,83.1,75.7,82.2,2021
6007,"California","Butte",58394,12789,41584,77.9,75.3,77.4,2021
6013,"California","Contra Costa",106555,50205,8316,82.5,76.6,81.9,2021
6017,"California","El Dorado",86202,7639,62827,82.3,79.9,81.9,2021
6019,"California","Fresno",56926,68300,100537,78.9,72.1,78,2021
6023,"California","Humboldt",51134,8076,40062,77.1,74.1,77.5,2021
6025,"California","Imperial",48102,10791,30399,81.9,79.4,76.5,2021
6029,"California","Kern",53245,60173,85693,77.5,72.3,75.6,2021
6031,"California","Kings",57297,8898,16601,79.7,77.6,78,2021
6035,"California","Lassen",53613,785,24610,79,99.6,77.4,2021
6037,"California","Los Angeles",72721,806801,59424,82.4,76.1,81.2,2021
6039,"California","Madera",61105,11910,49672,79.7,76.5,78.1,2021
6041,"California","Marin",112069,8366,16457,85.4,78.4,85.4,2021
6047,"California","Merced",59733,18960,36510,79.2,71.6,76.9,2021
6053,"California","Monterey",76509,38932,40742,82.7,80.2,81.7,2021
6055,"California","Napa",90230,7948,18290,82,80.8,80.8,2021
6059,"California","Orange",95761,197867,4315,83.2,81,81.7,2021
6061,"California","Placer",97688,12639,48039,82.4,80.1,81.8,2021
6065,"California","Riverside",72905,169108,101212,80.9,77.5,79.5,2021
6067,"California","Sacramento",71891,72048,29257,79.6,75.1,78.9,2021
6071,"California","San Bernardino",67398,154414,96357,78.8,75,76.5,2021
6073,"California","San Diego",83576,228064,102054,82.2,78.2,81.4,2021
6075,"California","San Francisco",121795,33312,0,84,73.1,83.3,2021
6077,"California","San Joaquin",68458,45305,58065,78.6,72,77.3,2021
6079,"California","San Luis Obispo",76599,14223,44750,81.7,83.8,81.2,2021
6081,"California","San Mateo",135234,28568,13586,85,79,83.4,2021
6083,"California","Santa Barbara",74530,37816,21269,82,79.3,81.2,2021
6085,"California","Santa Clara",132444,76638,19307,84.9,79.7,83.1,2021
6087,"California","Santa Cruz",85770,14179,31589,82.9,79.3,82.6,2021
6089,"California","Shasta",61464,8830,51902,76.2,75.1,75.9,2021
6095,"California","Solano",85704,19052,15370,80.2,75.8,78.8,2021
6097,"California","Sonoma",87084,29232,59776,82.2,79.4,81.6,2021
6099,"California","Stanislaus",62761,29586,41057,78.2,73.1,76.5,2021
6101,"California","Sutter",60910,6575,14019,78.9,78.2,76,2021
6107,"California","Tulare",56776,31986,68449,78.7,75.7,76.5,2021
6111,"California","Ventura",91446,61204,25725,82.5,80.8,81.5,2021
6113,"California","Yolo",70951,11368,13918,81.7,77.5,80.6,2021
6115,"California","Yuba",56607,4632,18921,75.7,73.3,73.7,2021
8001,"Colorado","Adams",75341,41143,15988,79.4,76.3,78.6,2021
8005,"Colorado","Arapahoe",82364,42610,9011,81.3,79.4,81.2,2021
8013,"Colorado","Boulder",88341,17685,26255,82.8,80.4,82.8,2021
8031,"Colorado","Denver",75456,57628,0,79.9,75.4,81,2021
8035,"Colorado","Douglas",123697,9675,29367,84,82.7,83.8,2021
8041,"Colorado","El Paso",72675,43696,55595,78.9,75.3,79,2021
8043,"Colorado","Fremont",52239,2191,12371,77.5,79.1,77.1,2021
8059,"Colorado","Jefferson",89696,27630,36864,80.8,73.4,81,2021
8069,"Colorado","Larimer",75332,17714,34938,81.8,101.4,81.9,2021
8101,"Colorado","Pueblo",51075,10496,22513,76.3,73,76.7,2021
8123,"Colorado","Weld",78160,21522,51728,80.6,92,80.5,2021
9001,"Connecticut","Fairfield",96966,57062,42028,83,80.8,82.8,2021
9003,"Connecticut","Hartford",75336,34676,48354,80.2,79.1,80.1,2021
9005,"Connecticut","Litchfield",81015,6831,78722,80,78.4,79.6,2021
9007,"Connecticut","Middlesex",81721,4726,40657,81.2,78.1,80.9,2021
9009,"Connecticut","New Haven",69687,38701,31394,80.1,77.5,80,2021
9011,"Connecticut","New London",75226,10378,70729,79.7,78.6,79.2,2021
9013,"Connecticut","Tolland",90181,4169,58340,81.5,81.1,81.1,2021
9015,"Connecticut","Windham",63309,4533,58931,78.5,73.3,78.2,2021
10001,"Delaware","Kent",58804,8601,43774,77.8,76.9,77.6,2021
10003,"Delaware","New Castle",76076,23282,24783,78.4,75.9,78.5,2021
10005,"Delaware","Sussex",64839,12999,81428,78.7,76,78.5,2021
11001,"District of Columbia","District of Columbia",90395,18731,0,79,72.7,88,2021
12001,"Florida","Alachua",49880,22684,52419,79.2,75,79.4,2021
12003,"Florida","Baker",60454,2097,16131,75.5,77,75,2021
12005,"Florida","Bay",58376,19727,20262,76.4,75,76.1,2021
12007,"Florida","Bradford",47509,2209,21541,75.3,78.4,74.1,2021
12009,"Florida","Brevard",57582,54043,27573,77.8,76.6,77.2,2021
12011,"Florida","Broward",61429,239129,296,81.5,80.8,79.6,2021
12013,"Florida","Calhoun",41399,1317,9874,75.3,77.9,74.4,2021
12015,"Florida","Charlotte",54756,15629,14213,81.1,83.1,80.4,2021
12017,"Florida","Citrus",49762,12600,48753,75.7,77.9,75.2,2021
12019,"Florida","Clay",75776,18889,28570,77.8,79.4,77,2021
12021,"Florida","Collier",76415,50324,27284,86.1,86.7,85.5,2021
12023,"Florida","Columbia",47087,6027,41908,75.2,74.5,74.6,2021
12027,"Florida","DeSoto",41673,5746,16121,80.5,74.2,79.1,2021
12029,"Florida","Dixie",39793,1505,12649,75.4,72.3,75.4,2021
12031,"Florida","Duval",58339,99428,25163,76.1,74.2,75.7,2021
12033,"Florida","Escambia",52822,28187,24709,75.3,73,75.4,2021
12035,"Florida","Flagler",62831,10221,9877,79.4,79.2,79,2021
12039,"Florida","Gadsden",42975,4709,30329,76.6,74.7,77.6,2021
12043,"Florida","Glades",45412,1912,9101,84.1,82.7,82.5,2021
12045,"Florida","Gulf",53228,1082,12228,75.9,74.7,75.5,2021
12047,"Florida","Hamilton",39241,1190,9395,76.2,75.6,75.6,2021
12049,"Florida","Hardee",41430,3473,13258,79.7,76.4,79,2021
12051,"Florida","Hendry",45107,8437,14831,78.5,72.9,75.7,2021
12053,"Florida","Hernando",50705,19016,33476,77.2,77.9,76.4,2021
12055,"Florida","Highlands",45723,11576,20810,78.3,73.3,77.6,2021
12057,"Florida","Hillsborough",61133,158801,43181,79.6,76.5,79,2021
12061,"Florida","Indian River",61173,16731,6857,81.2,75.4,80.9,2021
12063,"Florida","Jackson",40543,3979,37490,74.4,74.5,74.1,2021
12065,"Florida","Jefferson",47192,1163,14761,77.6,75.4,78.7,2021
12069,"Florida","Lake",57660,34287,57194,78.8,76.1,78.3,2021
12071,"Florida","Lee",62364,90101,36013,82.5,81,81.7,2021
12073,"Florida","Leon",55081,25093,33911,79.4,77.1,80,2021
12075,"Florida","Levy",41405,4819,37557,75.5,76.1,74.9,2021
12079,"Florida","Madison",37919,1723,15381,75.6,75.9,75.3,2021
12081,"Florida","Manatee",64151,42242,18693,81.7,76.1,81.4,2021
12083,"Florida","Marion",49079,38242,102796,76.3,76.1,75.6,2021
12085,"Florida","Martin",70806,15224,12403,82.3,77.9,81.9,2021
12086,"Florida","Miami-Dade",54991,405504,10095,82.4,77,80.1,2021
12087,"Florida","Monroe",67528,10113,6369,81.3,79,80,2021
12089,"Florida","Nassau",72818,6535,35298,77.6,73.4,77.5,2021
12091,"Florida","Okaloosa",63520,19451,21878,78,75.7,77.6,2021
12093,"Florida","Okeechobee",45225,5858,14618,76.3,81.8,74.8,2021
12095,"Florida","Orange",63133,155502,23402,80.6,78.3,79.6,2021
12097,"Florida","Osceola",52270,41511,21014,79.7,78.9,77.4,2021
12099,"Florida","Palm Beach",66621,178492,13763,82.6,81,81.9,2021
12101,"Florida","Pasco",55745,54656,43990,77.8,78.5,76.8,2021
12103,"Florida","Pinellas",56708,100100,2603,79.2,74.9,79.1,2021
12105,"Florida","Polk",51817,75351,81346,78.6,75.7,78.1,2021
12107,"Florida","Putnam",41986,8967,41765,73.9,70.3,74,2021
12109,"Florida","St. Johns",90839,18722,45179,81.9,77.4,81.7,2021
12111,"Florida","St. Lucie",57292,37350,9326,80.5,79.2,79.5,2021
12113,"Florida","Santa Rosa",66139,15179,31772,77.7,80.3,77.1,2021
12115,"Florida","Sarasota",66258,38439,16394,82,76.6,81.7,2021
12117,"Florida","Seminole",69954,43958,13348,80.7,77.8,80.1,2021
12119,"Florida","Sumter",63464,5039,32664,80.4,75.3,80.1,2021
12121,"Florida","Suwannee",49453,5025,34557,75.9,76,75.3,2021
12123,"Florida","Taylor",42987,1805,15637,75.7,75.6,75.2,2021
12125,"Florida","Union",50893,922,10478,68.3,67.6,67.6,2021
12127,"Florida","Volusia",53554,56326,49179,76.8,75.3,76,2021
12129,"Florida","Wakulla",58640,2663,18982,76.9,77.8,76.3,2021
12131,"Florida","Walton",62600,7847,34746,78.9,78.8,78.5,2021
12133,"Florida","Washington",42518,2481,21050,72.5,74.5,71.8,2021
13001,"Georgia","Appling",43821,2372,13028,75.1,71.3,75.4,2021
13005,"Georgia","Bacon",41807,1448,7688,73.9,70.1,74,2021
13009,"Georgia","Baldwin",44429,4664,16066,74.9,74.6,75,2021
13013,"Georgia","Barrow",68924,10709,20853,76.4,74.7,75.9,2021
13015,"Georgia","Bartow",60254,13579,35283,76.7,75.2,76.3,2021
13017,"Georgia","Ben Hill",35931,1848,5996,73,72.5,72.6,2021
13019,"Georgia","Berrien",42058,2754,14685,74.3,72.7,73.9,2021
13021,"Georgia","Bibb",43066,17543,22415,74.2,72.4,75.6,2021
13023,"Georgia","Bleckley",48115,1204,6739,77.6,73.5,78.5,2021
13027,"Georgia","Brooks",39554,2172,11539,74.2,71.1,75.2,2021
13029,"Georgia","Bryan",79296,3646,15825,76.3,74.1,76.2,2021
13031,"Georgia","Bulloch",48788,9038,33903,77.5,74.8,78,2021
13033,"Georgia","Burke",42632,2258,17486,74,72,75,2021
13035,"Georgia","Butts",47410,2552,18437,74.3,74.1,73.9,2021
13037,"Georgia","Calhoun",34960,564,6694,77.7,76.5,78.9,2021
13039,"Georgia","Camden",58552,5483,15883,78.2,76.2,78.3,2021
13043,"Georgia","Candler",41665,1589,7365,74.5,69.9,75.9,2021
13045,"Georgia","Carroll",59193,13126,46228,75.3,74.1,75,2021
13047,"Georgia","Catoosa",60753,6815,17969,78.3,88.4,77.9,2021
13049,"Georgia","Charlton",42891,1425,6210,76.7,77.1,75.6,2021
13051,"Georgia","Chatham",57122,33735,11944,78.2,75.5,79.4,2021
13053,"Georgia","Chattahoochee",46106,690,3326,79,83.1,75.9,2021
13055,"Georgia","Chattooga",41561,2894,14974,73.5,71.2,73.3,2021
13057,"Georgia","Cherokee",88635,26367,36659,80.3,79.3,80,2021
13059,"Georgia","Clarke",41036,17043,6839,79,74.1,80.3,2021
13063,"Georgia","Clayton",50737,41718,2303,76.6,76.6,71.5,2021
13065,"Georgia","Clinch",42928,862,4108,72.6,69,73,2021
13067,"Georgia","Cobb",79622,79642,1694,80.7,78.7,80.6,2021
13069,"Georgia","Coffee",41675,5692,28202,74.5,73.8,73.8,2021
13071,"Georgia","Colquitt",41899,7751,26821,74.4,71.4,74.3,2021
13073,"Georgia","Columbia",88285,11683,20131,80.5,81.3,79.7,2021
13075,"Georgia","Cook",40670,2322,10226,74.5,74.1,74.3,2021
13077,"Georgia","Coweta",79232,14745,41929,78.9,76.7,79,2021
13079,"Georgia","Crawford",50411,1529,12630,75.5,74.3,75.5,2021
13081,"Georgia","Crisp",40482,2587,11023,75.2,72,76.4,2021
13087,"Georgia","Decatur",40473,3471,15724,74.3,72.4,75.4,2021
13089,"Georgia","DeKalb",63606,96912,1820,80.4,78.4,82.7,2021
13091,"Georgia","Dodge",41118,2036,15743,76.3,77,76.3,2021
13093,"Georgia","Dooly",37109,1369,8006,79.5,78.7,79.1,2021
13095,"Georgia","Dougherty",36894,10605,13201,74.4,74.2,74.5,2021
13097,"Georgia","Douglas",62915,16614,20863,77.8,77.1,76.7,2021
13099,"Georgia","Early",40011,962,7260,73,74.1,73.2,2021
13103,"Georgia","Effingham",71628,6440,35035,76.5,74.8,76.5,2021
13105,"Georgia","Elbert",40962,2355,14241,75.1,73.5,75.1,2021
13107,"Georgia","Emanuel",38529,2439,15114,72.4,72.5,72.1,2021
13109,"Georgia","Evans",41425,1282,6741,76,76.1,75.7,2021
13113,"Georgia","Fayette",94563,8389,19372,81.1,78.5,81.5,2021
13115,"Georgia","Floyd",50520,11435,35466,75.2,72,75,2021
13117,"Georgia","Forsyth",113332,18639,17414,82.3,80.8,81.4,2021
13119,"Georgia","Franklin",47691,2999,19639,73.9,69.4,73.6,2021
13121,"Georgia","Fulton",79235,105755,9921,79.6,75.4,82.8,2021
13127,"Georgia","Glynn",58017,10273,16376,77.4,74.7,77.7,2021
13129,"Georgia","Gordon",53373,8676,28453,75.7,74.8,74.7,2021
13131,"Georgia","Grady",42603,3510,15597,76.3,72.8,77.1,2021
13133,"Georgia","Greene",60973,2039,13235,78.3,73.9,79.9,2021
13135,"Georgia","Gwinnett",72225,127388,3910,81.2,80.1,80,2021
13137,"Georgia","Habersham",51296,5867,25292,77.6,78.6,77.1,2021
13139,"Georgia","Hall",66698,30338,36937,79.5,77.1,78.4,2021
13141,"Georgia","Hancock",31715,650,5807,75.7,74.1,79.8,2021
13145,"Georgia","Harris",74052,2783,30962,79.4,75.5,80,2021
13147,"Georgia","Hart",50647,3041,18775,78.4,78.4,78,2021
13151,"Georgia","Henry",72927,23150,28250,77.6,77,77.1,2021
13153,"Georgia","Houston",65641,13858,13937,77.3,76.1,77.4,2021
13155,"Georgia","Irwin",42317,874,6172,73.4,69.7,74.9,2021
13157,"Georgia","Jackson",66645,7908,36300,77.3,76.7,76.9,2021
13159,"Georgia","Jasper",59207,1938,11365,76.4,76.4,76.2,2021
13161,"Georgia","Jeff Davis",40603,2089,10474,74.1,75.3,72.8,2021
13163,"Georgia","Jefferson",35379,1902,13657,72.8,71.3,74,2021
13165,"Georgia","Jenkins",32808,930,5513,74.7,74.5,74.4,2021
13167,"Georgia","Johnson",37771,874,6528,75.4,77.8,74.2,2021
13169,"Georgia","Jones",56819,2867,19413,78.3,79.5,77.8,2021
13171,"Georgia","Lamar",57402,1968,11150,74.7,73.5,74.8,2021
13173,"Georgia","Lanier",42667,1182,7168,75.8,76.9,74.7,2021
13175,"Georgia","Laurens",42018,5256,27435,74.1,71.5,75.6,2021
13177,"Georgia","Lee",72425,2514,10252,76,76.4,75.5,2021
13179,"Georgia","Liberty",51410,6037,14696,76.1,76.8,73.8,2021
13181,"Georgia","Lincoln",45299,877,7996,78.1,75.7,78.8,2021
13183,"Georgia","Long",52051,2550,11765,82.1,84.8,79.8,2021
13185,"Georgia","Lowndes",46450,14663,29716,76.2,73.7,77,2021
13189,"Georgia","McDuffie",44473,2209,13335,73.3,71.7,74.1,2021
13191,"Georgia","McIntosh",46682,1667,10651,81.4,82.5,80.6,2021
13193,"Georgia","Macon",34634,1547,7840,73.2,73,73.1,2021
13195,"Georgia","Madison",52326,3961,25836,76.4,76.5,75.8,2021
13197,"Georgia","Marion",41190,953,8742,76.6,73.1,77.7,2021
13199,"Georgia","Meriwether",43571,2507,18316,74.1,73,74.5,2021
13205,"Georgia","Mitchell",37383,2543,12809,73.2,70.8,74.8,2021
13207,"Georgia","Monroe",70488,2657,21200,77.8,73.5,78.5,2021
13209,"Georgia","Montgomery",43657,1069,9005,75.8,76.5,74.8,2021
13211,"Georgia","Morgan",67089,1875,13467,78.1,75.4,78.6,2021
13215,"Georgia","Muscogee",47035,20708,5654,74.3,72.6,75.2,2021
13217,"Georgia","Newton",58222,12988,31231,76.3,76.8,75.5,2021
13219,"Georgia","Oconee",100878,2970,16508,81.4,80.7,81.2,2021
13221,"Georgia","Oglethorpe",54346,2135,14788,79.1,78.7,78.6,2021
13223,"Georgia","Paulding",76580,17683,28540,78.9,81.9,78.1,2021
13225,"Georgia","Peach",49815,3119,10586,74.6,72.8,75.1,2021
13229,"Georgia","Pierce",46701,2364,14885,75.2,73,75.2,2021
13231,"Georgia","Pike",74905,1851,17684,76,72,76.3,2021
13233,"Georgia","Polk",47896,5702,21327,73.8,69.3,73.7,2021
13235,"Georgia","Pulaski",42274,1005,8011,79,76.2,80.6,2021
13237,"Georgia","Putnam",62282,2679,17175,79.3,76.4,79.7,2021
13243,"Georgia","Randolph",33505,721,3908,75.7,73.5,81.8,2021
13245,"Georgia","Richmond",44810,23018,18483,74.1,73.8,73.1,2021
13247,"Georgia","Rockdale",60281,10614,12725,77.3,77.3,76.2,2021
13251,"Georgia","Screven",42331,1531,11517,75.1,75.3,74.4,2021
13253,"Georgia","Seminole",38618,977,5984,74.3,72.6,74.7,2021
13255,"Georgia","Spalding",49237,8025,26667,74.7,73.5,74.6,2021
13257,"Georgia","Stephens",45416,2915,15329,73,71.2,73,2021
13261,"Georgia","Sumter",40250,3458,13713,73.4,70.8,76,2021
13263,"Georgia","Talbot",41045,672,6445,75.7,76.5,73.4,2021
13267,"Georgia","Tattnall",41457,2885,17414,75.9,74.8,75.5,2021
13269,"Georgia","Taylor",28234,921,8906,75.1,75,75.2,2021
13271,"Georgia","Telfair",36264,1466,7753,79.4,79.4,78.6,2021
13273,"Georgia","Terrell",37122,968,4849,74.2,72.2,76.4,2021
13275,"Georgia","Thomas",47978,5238,20581,75.3,73.3,76.3,2021
13277,"Georgia","Tift",47764,5601,16361,75,72.2,75.7,2021
13279,"Georgia","Toombs",41442,3583,13899,74.5,72.4,74.3,2021
13283,"Georgia","Treutlen",37478,798,4053,75.7,75.3,75.7,2021
13285,"Georgia","Troup",47296,7017,29700,75.7,74.3,76,2021
13287,"Georgia","Turner",35400,910,4441,72.8,69.9,74.2,2021
13289,"Georgia","Twiggs",44079,969,9023,72.4,75.3,69.7,2021
13293,"Georgia","Upson",40926,2711,12737,72.8,73.8,72,2021
13295,"Georgia","Walker",47548,7226,30152,75.4,73.2,75.4,2021
13297,"Georgia","Walton",67007,10199,35734,76.9,73.3,77.4,2021
13299,"Georgia","Ware",37642,3681,10691,73.7,72.5,73.8,2021
13301,"Georgia","Warren",37313,528,5834,75.7,74.9,76,2021
13303,"Georgia","Washington",41674,1988,13899,76.5,75.7,77,2021
13305,"Georgia","Wayne",47382,3512,17439,73.6,70.5,74,2021
13309,"Georgia","Wheeler",35927,597,7421,79.3,80.7,77.7,2021
13313,"Georgia","Whitfield",53115,16776,29833,78.1,72.3,76.3,2021
13315,"Georgia","Wilcox",38261,772,9255,77.2,77.6,77.1,2021
13317,"Georgia","Wilkes",39716,1272,7136,75.5,74.4,75.4,2021
13319,"Georgia","Wilkinson",43902,897,9563,75,76,73.8,2021
13321,"Georgia","Worth",43142,2657,14994,74.6,73.5,75.3,2021
15001,"Hawaii","Hawaii",64929,8712,70313,80.6,80.6,80.5,2021
15003,"Hawaii","Honolulu",86946,28312,8225,82.5,86,81.9,2021
15009,"Hawaii","Maui",77375,6370,22556,82.9,80.8,82.2,2021
16001,"Idaho","Ada",72295,32864,21471,81,78.7,80.8,2021
16027,"Idaho","Canyon",58670,28051,37535,79.1,84.5,78.5,2021
17001,"Illinois","Adams",55942,2516,21875,78.3,73.3,78.3,2021
17003,"Illinois","Alexander",37408,287,5096,73.5,72.9,73.4,2021
17019,"Illinois","Champaign",53485,9398,25558,80.5,72.8,81,2021
17029,"Illinois","Coles",50467,2480,13085,78.9,77.5,78.8,2021
17031,"Illinois","Cook",69375,401160,2353,79.7,73.3,81.1,2021
17037,"Illinois","DeKalb",64676,5032,21353,79.4,74.4,79.6,2021
17043,"Illinois","DuPage",96354,43132,436,82.5,78.1,81.8,2021
17077,"Illinois","Jackson",37308,3394,22381,78.2,74.4,78,2021
17081,"Illinois","Jefferson",50531,1656,22819,76,71.7,76.4,2021
17089,"Illinois","Kane",84311,39361,18335,81.6,77.1,80.9,2021
17091,"Illinois","Kankakee",60763,5112,27746,77,71.7,77.8,2021
17093,"Illinois","Kendall",105586,5838,11955,81.9,77.3,81.8,2021
17095,"Illinois","Knox",43404,2125,12870,77.3,74.8,77.3,2021
17097,"Illinois","Lake",92638,38271,8915,81.6,75.1,81.4,2021
17099,"Illinois","LaSalle",59528,4867,34422,76.9,71.3,76.4,2021
17103,"Illinois","Lee",57619,1220,19173,78.6,77.2,78.4,2021
17105,"Illinois","Livingston",54422,1283,15893,76.9,76.9,76.5,2021
17107,"Illinois","Logan",53806,1005,12081,77.5,72.7,77.2,2021
17109,"Illinois","McDonough",49048,1457,9622,78,71.6,78.1,2021
17111,"Illinois","McHenry",89379,16251,30501,80.7,84,80.4,2021
17113,"Illinois","McLean",69230,6723,27974,80,75.1,80,2021
17115,"Illinois","Macon",52259,4143,16905,77.3,73.8,77.9,2021
17119,"Illinois","Madison",66591,11698,35924,76.5,72.3,76.7,2021
17121,"Illinois","Marion",52291,1771,17769,74.6,72.5,74.5,2021
17137,"Illinois","Morgan",55937,1199,12878,77.4,72.9,77.3,2021
17143,"Illinois","Peoria",57717,8936,27313,77.4,71.2,78.4,2021
17145,"Illinois","Perry",56880,735,9754,77.8,78.3,77.5,2021
17153,"Illinois","Pulaski",38506,267,6161,74.5,73.6,74.6,2021
17157,"Illinois","Randolph",58444,1160,14275,77.7,76.4,77.5,2021
17161,"Illinois","Rock Island",57772,6854,16112,78.1,73.5,78.1,2021
17163,"Illinois","St. Clair",57726,11833,26343,76.3,71.9,77.9,2021
17167,"Illinois","Sangamon",61768,7706,27895,78,74,78.4,2021
17177,"Illinois","Stephenson",51786,1855,19129,79.1,74.7,79.5,2021
17179,"Illinois","Tazewell",66206,4718,27645,78.8,74.6,78.6,2021
17183,"Illinois","Vermilion",46295,3510,25513,74.9,68.2,75.9,2021
17197,"Illinois","Will",90249,31586,26624,79.8,77,79.3,2021
17199,"Illinois","Williamson",56958,2924,23091,77.3,78.6,77.3,2021
17201,"Illinois","Winnebago",59510,16209,23368,76.7,71.6,76.9,2021
18003,"Indiana","Allen",56838,25843,42212,77.2,72,77.8,2021
18005,"Indiana","Bartholomew",71181,5342,25882,78.3,77.8,77.6,2021
18019,"Indiana","Clark",59441,7324,22614,75.3,73.1,75,2021
18035,"Indiana","Delaware",45912,7210,26843,74.8,71.3,74.8,2021
18039,"Indiana","Elkhart",55782,19460,40672,78.7,72.8,78.5,2021
18043,"Indiana","Floyd",64614,4042,15160,76.2,70.5,76.3,2021
18053,"Indiana","Grant",47509,3509,20257,74.5,71.1,74.4,2021
18057,"Indiana","Hamilton",107710,12599,15473,82,80.5,81.7,2021
18059,"Indiana","Hancock",77905,3756,21313,79.1,87.9,78.7,2021
18063,"Indiana","Hendricks",85827,7593,25958,79.6,81.9,79.3,2021
18067,"Indiana","Howard",54048,4406,17821,74.5,70.2,74.6,2021
18081,"Indiana","Johnson",74427,8636,19407,78.2,77.5,77.9,2021
18089,"Indiana","Lake",57280,29945,19682,76.3,72.4,76.8,2021
18091,"Indiana","LaPorte",56427,6440,39713,76.3,74.8,76,2021
18095,"Indiana","Madison",54145,7602,30393,75.7,73.3,75.9,2021
18097,"Indiana","Marion",50707,80528,5422,76,73.3,76.5,2021
18103,"Indiana","Miami",53658,2265,17155,77.2,81,76.7,2021
18105,"Indiana","Monroe",53113,9627,29317,80.5,79.1,80.1,2021
18127,"Indiana","Porter",74064,9233,34106,78.3,73.7,78.1,2021
18141,"Indiana","St. Joseph",53881,18411,24028,76.9,71.2,77.5,2021
18157,"Indiana","Tippecanoe",51228,12641,25055,79.4,73.5,79.1,2021
18163,"Indiana","Vanderburgh",51603,12086,16474,76.3,71.9,76.6,2021
18167,"Indiana","Vigo",48082,6848,25623,75.8,76.3,75.4,2021
18177,"Indiana","Wayne",47885,4603,22777,73.3,68,73.4,2021
19013,"Iowa","Black Hawk",60010,5302,17672,78.4,71.1,79.1,2021
19045,"Iowa","Clinton",56865,1687,15832,77.9,79,77.6,2021
19049,"Iowa","Dallas",97535,2535,20228,82.3,88.1,82.1,2021
19057,"Iowa","Des Moines",53547,1296,10781,78.4,73.2,78.7,2021
19103,"Iowa","Johnson",67295,6508,24261,83.1,83,82.9,2021
19113,"Iowa","Linn",64783,6969,26927,80.5,73.3,80.6,2021
19153,"Iowa","Polk",67331,21122,21139,79,72,79.3,2021
19155,"Iowa","Pottawattamie",60322,3997,24612,77.7,73.5,77.3,2021
19163,"Iowa","Scott",65724,6523,22323,79.1,73.6,79.3,2021
19169,"Iowa","Story",64151,3972,15164,81.9,81.7,81.7,2021
19187,"Iowa","Webster",53344,1291,12891,77,76,77.1,2021
19193,"Iowa","Woodbury",58419,6087,17836,77.5,79.3,77.3,2021
20015,"Kansas","Butler",66199,3665,26664,77.7,72.1,77.9,2021
20045,"Kansas","Douglas",62559,7483,12205,80.4,77.8,80.4,2021
20061,"Kansas","Geary",58978,1908,4011,75.4,74.8,75.4,2021
20091,"Kansas","Johnson",91913,31232,20862,81.7,76.9,81.7,2021
20103,"Kansas","Leavenworth",75840,3741,22154,79.3,75.1,79.5,2021
20125,"Kansas","Montgomery",44240,2503,15403,74.9,67.9,74.6,2021
20155,"Kansas","Reno",53371,4403,20191,77.9,75.8,77.8,2021
20161,"Kansas","Riley",51996,4265,9846,80.7,80.8,80.6,2021
20169,"Kansas","Saline",56741,3669,8113,77.6,74.2,77.7,2021
20173,"Kansas","Sedgwick",60014,43288,38168,77.6,72.9,77.9,2021
20177,"Kansas","Shawnee",59451,11745,28157,76.9,70.4,77.8,2021
20209,"Kansas","Wyandotte",47292,20748,9549,75.8,72.8,75.5,2021
21009,"Kentucky","Barren",44859,2434,26685,75.9,73.4,75.8,2021
21015,"Kentucky","Boone",78806,4076,15769,78.9,77.2,78.7,2021
21021,"Kentucky","Boyle",53644,1010,9900,77.3,77.9,76.9,2021
21035,"Kentucky","Calloway",45574,1850,18119,77.3,77.9,77.2,2021
21037,"Kentucky","Campbell",66520,2920,13818,77.4,83.9,77.3,2021
21047,"Kentucky","Christian",46390,3057,21118,74.7,71.3,75.3,2021
21049,"Kentucky","Clark",55428,1448,9782,74.8,72.8,74.6,2021
21059,"Kentucky","Daviess",52620,4015,26113,76.8,75.7,76.7,2021
21067,"Kentucky","Fayette",58981,20138,9072,78.6,75.2,78.8,2021
21073,"Kentucky","Franklin",58917,2347,13580,75.8,76.5,75.2,2021
21083,"Kentucky","Graves",48038,1843,25765,75.8,69.7,75.6,2021
21093,"Kentucky","Hardin",57711,3974,36109,77.2,78,76.8,2021
21101,"Kentucky","Henderson",53199,1851,17667,76.1,73,76.1,2021
21107,"Kentucky","Hopkins",48769,1787,22111,74.7,75.1,74.5,2021
21111,"Kentucky","Jefferson",59025,36044,10176,76.1,73.3,76.5,2021
21113,"Kentucky","Jessamine",62533,2859,12583,77.5,73.9,77.4,2021
21117,"Kentucky","Kenton",68692,7560,11142,76.1,73.1,76.1,2021
21141,"Kentucky","Logan",48902,1216,20121,75,70.6,75.2,2021
21145,"Kentucky","McCracken",48219,2725,18243,76.6,74,76.6,2021
21151,"Kentucky","Madison",50316,3872,31937,76.2,72.8,76,2021
21179,"Kentucky","Nelson",64795,1664,24735,76.1,73.7,76.1,2021
21185,"Kentucky","Oldham",101152,1646,12261,79.8,83.3,79.6,2021
21209,"Kentucky","Scott",74719,2096,15314,77,80.4,76.5,2021
21211,"Kentucky","Shelby",71737,2639,19778,78.8,80.1,78.4,2021
21213,"Kentucky","Simpson",52931,806,7835,74.4,74.9,74.2,2021
21225,"Kentucky","Union",49870,765,9797,74.7,74.7,74.2,2021
21227,"Kentucky","Warren",53238,7206,35486,77.4,73.9,77.4,2021
22001,"Louisiana","Acadia",44728,4551,31936,74.9,69.8,75.8,2021
22003,"Louisiana","Allen",47111,1461,17886,75.1,74.8,75.1,2021
22005,"Louisiana","Ascension",83072,6355,14170,79.5,76.5,79.8,2021
22007,"Louisiana","Assumption",51763,1524,10538,77.1,72.8,78.6,2021
22009,"Louisiana","Avoyelles",38316,2735,26835,74,71.6,74.6,2021
22011,"Louisiana","Beauregard",55343,2587,23708,75.7,74.3,75.7,2021
22013,"Louisiana","Bienville",37198,734,11459,73.8,73.8,73.8,2021
22015,"Louisiana","Bossier",54080,7520,28475,77.8,76,78,2021
22017,"Louisiana","Caddo",45613,14008,36805,74.9,72.6,77.2,2021
22019,"Louisiana","Calcasieu",53050,13770,39518,75.2,72.2,76,2021
22025,"Louisiana","Catahoula",36794,601,10407,75.8,75.1,76,2021
22027,"Louisiana","Claiborne",36497,949,14161,75.5,74.9,75.8,2021
22029,"Louisiana","Concordia",36276,1246,6966,73.3,70.1,75.1,2021
22031,"Louisiana","De Soto",47347,2057,20595,76.3,73.2,77.7,2021
22033,"Louisiana","East Baton Rouge",56303,29320,30266,76.1,73.1,78.3,2021
22035,"Louisiana","East Carroll",29943,325,2683,72.1,69.6,75.5,2021
22037,"Louisiana","East Feliciana",50041,987,20267,73.4,72.6,74,2021
22039,"Louisiana","Evangeline",35146,2440,20762,73.2,70.3,73.6,2021
22041,"Louisiana","Franklin",35484,1457,15406,75,72.9,76.1,2021
22043,"Louisiana","Grant",49544,1232,19095,75.8,72.4,75.8,2021
22045,"Louisiana","Iberia",47731,5475,20607,74.9,71.1,76.3,2021
22047,"Louisiana","Iberville",55198,1788,19770,76.1,75.1,76.5,2021
22049,"Louisiana","Jackson",43232,998,10665,76.4,71.7,78,2021
22051,"Louisiana","Jefferson",55909,39676,4942,77.4,73.9,77.4,2021
22053,"Louisiana","Jefferson Davis",47988,2335,16018,73.9,72,74.1,2021
22055,"Louisiana","Lafayette",60053,15423,18432,78.6,74.6,79.5,2021
22057,"Louisiana","Lafourche",54145,7576,23325,77.1,71.1,78.1,2021
22059,"Louisiana","La Salle",51014,1085,10898,75.4,73.5,75.3,2021
22061,"Louisiana","Lincoln",41608,3523,19011,76.9,74.8,77.9,2021
22063,"Louisiana","Livingston",63852,9566,52640,76.7,73.3,76.7,2021
22065,"Louisiana","Madison",32229,574,2714,72,69,76.9,2021
22067,"Louisiana","Morehouse",34922,1708,14000,71.4,69.2,73.2,2021
22069,"Louisiana","Natchitoches",49536,2610,19803,75.1,72.8,76.3,2021
22071,"Louisiana","Orleans",45092,28217,2035,77,75,80.3,2021
22073,"Louisiana","Ouachita",43235,10133,37187,75,72.6,76.4,2021
22075,"Louisiana","Plaquemines",60795,1816,4502,77.6,74.5,77.3,2021
22077,"Louisiana","Pointe Coupee",48011,1453,13182,76.2,76,76.5,2021
22079,"Louisiana","Rapides",49687,8844,52023,74.4,70.4,75.7,2021
22081,"Louisiana","Red River",39806,514,9091,73.3,71.8,74.2,2021
22083,"Louisiana","Richland",39586,1340,13688,74.2,71.5,75.7,2021
22085,"Louisiana","Sabine",45486,1941,21373,76,72.4,75.4,2021
22087,"Louisiana","St. Bernard",45806,3833,1527,75.4,74,74,2021
22089,"Louisiana","St. Charles",71579,2738,6064,77.6,75.8,78.4,2021
22091,"Louisiana","St. Helena",43376,790,11203,74.8,74.4,74.2,2021
22093,"Louisiana","St. James",57250,1024,6123,76.6,73.7,79.2,2021
22095,"Louisiana","St. John the Baptist",54944,2616,6175,74.6,73.3,75.1,2021
22097,"Louisiana","St. Landry",39599,6129,40168,72.7,70.1,74.3,2021
22099,"Louisiana","St. Martin",47247,3824,25856,76.3,73.5,77.2,2021
22101,"Louisiana","St. Mary",40918,3819,7126,75.4,72.9,76.2,2021
22103,"Louisiana","St. Tammany",71526,15452,54270,78.3,76,78.3,2021
22105,"Louisiana","Tangipahoa",47860,8859,49564,75.2,72.3,75.8,2021
22107,"Louisiana","Tensas",31436,301,5252,75.7,73.1,80.8,2021
22109,"Louisiana","Terrebonne",51719,10066,23075,75.4,71.6,75.8,2021
22111,"Louisiana","Union",44617,1432,18838,76,72,77.4,2021
22113,"Louisiana","Vermilion",50193,4958,31680,77.1,72.7,77.6,2021
22115,"Louisiana","Vernon",51652,2970,26113,75.1,73.6,74.6,2021
22117,"Louisiana","Washington",35505,3208,31449,72.1,71.1,72,2021
22119,"Louisiana","Webster",38386,2557,21857,74.1,72.6,74.7,2021
22121,"Louisiana","West Baton Rouge",65344,1326,7246,78.7,75.3,80.4,2021
22123,"Louisiana","West Carroll",42614,789,11604,75.1,73,75.1,2021
22125,"Louisiana","West Feliciana",65296,481,15625,77.7,77,78,2021
22127,"Louisiana","Winn",43166,753,9937,74.9,76.4,73.6,2021
23001,"Maine","Androscoggin",58958,7373,46707,77.1,78.1,77.2,2021
23005,"Maine","Cumberland",75254,17311,101680,80.2,80.6,80.2,2021
23019,"Maine","Penobscot",50702,12030,88737,77.7,81.1,77.7,2021
23031,"Maine","York",66803,12275,112056,79.2,74.6,79.1,2021
24001,"Maryland","Allegany",48170,2442,20463,76.7,74.9,76.3,2021
24003,"Maryland","Anne Arundel",100916,20179,28518,79.3,78,79.1,2021
24005,"Maryland","Baltimore",76972,36295,52599,78.1,76.5,78,2021
24009,"Maryland","Calvert",111056,2495,34350,79.5,78.3,79.3,2021
24011,"Maryland","Caroline",60143,1946,25130,76.8,75.1,77,2021
24013,"Maryland","Carroll",101810,5060,66028,78.6,77.4,78.4,2021
24015,"Maryland","Cecil",75307,3922,42569,75.7,72.7,75.5,2021
24017,"Maryland","Charles",102510,5566,43238,78.6,77.8,78,2021
24019,"Maryland","Dorchester",48709,1587,18338,75.6,70.5,77.1,2021
24021,"Maryland","Frederick",102951,10397,58831,80.6,78.4,80.2,2021
24025,"Maryland","Harford",91492,8585,43474,79,77.3,78.9,2021
24027,"Maryland","Howard",121329,9854,26560,83.2,80.7,82.8,2021
24029,"Maryland","Kent",65615,907,14660,79,75.2,79.2,2021
24031,"Maryland","Montgomery",110012,61782,23165,84.6,82.1,83.8,2021
24033,"Maryland","Prince George's",85357,76941,16981,79.6,78.6,79.2,2021
24035,"Maryland","Queen Anne's",101350,1822,26044,79.8,73.8,80,2021
24037,"Maryland","St. Mary's",89123,4356,53015,78.7,75.8,78.6,2021
24039,"Maryland","Somerset",38731,1072,12121,75.5,75,74.3,2021
24041,"Maryland","Talbot",75714,1660,20650,80.4,75.8,80.8,2021
24043,"Maryland","Washington",59785,6341,43477,76.8,75.3,76.7,2021
24045,"Maryland","Wicomico",54351,5755,25479,76.7,74.6,76.9,2021
24047,"Maryland","Worcester",65821,2287,18280,79.7,75.5,80.1,2021
24510,"Maryland","Baltimore City",49780,33750,0,72.8,70.6,75.7,2021
25001,"Massachusetts","Barnstable",82686,5067,16155,79.7,80.6,79.8,2021
25003,"Massachusetts","Berkshire",58805,2909,41457,78.2,69.8,78.3,2021
25005,"Massachusetts","Bristol",69857,15564,53920,78.7,83.6,78.9,2021
25009,"Massachusetts","Essex",83253,22548,31540,80.2,80,79.8,2021
25013,"Massachusetts","Hampden",59918,13151,39725,78.2,75.4,78.5,2021
25015,"Massachusetts","Hampshire",74142,2907,43383,80.6,78.9,80.6,2021
25017,"Massachusetts","Middlesex",106543,33361,45509,82.4,82.7,81.9,2021
25021,"Massachusetts","Norfolk",106851,12614,8321,81.9,81.7,81.3,2021
25023,"Massachusetts","Plymouth",90584,10348,51015,79.8,85,79.5,2021
25025,"Massachusetts","Suffolk",75843,27518,535,81.6,79.7,80.7,2021
25027,"Massachusetts","Worcester",77795,19045,146856,79.3,81.5,79.3,2021
26005,"Michigan","Allegan",66568,4473,71822,79,78.5,79.1,2021
26017,"Michigan","Bay",50130,4780,32667,77.2,71.5,77.2,2021
26021,"Michigan","Berrien",50659,8871,51524,77.8,72.6,78.6,2021
26025,"Michigan","Calhoun",50205,5633,42174,76.1,73.6,76.1,2021
26027,"Michigan","Cass",55029,2610,37223,78,76.8,78.2,2021
26037,"Michigan","Clinton",72666,2913,39897,81.6,80.5,81.5,2021
26045,"Michigan","Eaton",65891,3874,40918,79.2,79.1,79.2,2021
26049,"Michigan","Genesee",50554,17525,71342,75.5,71.8,76.5,2021
26057,"Michigan","Gratiot",51046,1437,25552,77.6,84.7,77.3,2021
26065,"Michigan","Ingham",54704,13423,37096,78.3,73.5,78.7,2021
26075,"Michigan","Jackson",56001,7031,67021,76.9,72.9,77.2,2021
26077,"Michigan","Kalamazoo",56739,11732,43926,79.1,74,79.6,2021
26081,"Michigan","Kent",66560,32643,94463,80,74.7,80.4,2021
26099,"Michigan","Macomb",65051,40712,23592,78,73.5,78.3,2021
26115,"Michigan","Monroe",64341,5032,57093,77.8,74.7,77.9,2021
26121,"Michigan","Muskegon",50730,7354,40145,77,72.5,78.1,2021
26125,"Michigan","Oakland",81257,50909,57553,80.4,77.2,80.6,2021
26139,"Michigan","Ottawa",69827,12500,53593,81.8,76.6,81.9,2021
26145,"Michigan","Saginaw",48471,7639,62289,77.2,72.5,78.5,2021
26147,"Michigan","St. Clair",60208,6671,63008,77,72.7,77,2021
26149,"Michigan","St. Joseph",54024,3369,33361,76.8,71.3,76.7,2021
26159,"Michigan","Van Buren",58733,4632,54036,77.8,72.4,77.8,2021
26161,"Michigan","Washtenaw",76728,14868,56706,81.4,76.6,81.5,2021
26163,"Michigan","Wayne",50753,89637,12664,75.5,72.2,77.5,2021
27003,"Minnesota","Anoka",83363,11089,44666,81.5,79.4,81.5,2021
27019,"Minnesota","Carver",101891,2106,17141,83.3,92.2,83.2,2021
27027,"Minnesota","Clay",64874,1958,16472,80.2,82,80.5,2021
27037,"Minnesota","Dakota",89075,11879,19652,82.3,80.3,82.3,2021
27053,"Minnesota","Hennepin",82323,51121,25641,81.3,77.3,81.9,2021
27067,"Minnesota","Kandiyohi",64129,2135,18807,81.3,99.6,81.6,2021
27109,"Minnesota","Olmsted",80631,4240,23935,82.7,85.5,82.6,2021
27123,"Minnesota","Ramsey",68652,23762,952,79.9,75.5,80.7,2021
27137,"Minnesota","St. Louis",60228,6956,74313,79,73.1,79.3,2021
27139,"Minnesota","Scott",108718,4042,22399,82.9,96.6,82.8,2021
27141,"Minnesota","Sherburne",95323,2473,39110,80.6,80.3,80.6,2021
27163,"Minnesota","Washington",100857,5867,34454,82.3,81.9,82.1,2021
27171,"Minnesota","Wright",91374,3742,40537,81.3,82.1,81.2,2021
28001,"Mississippi","Adams",34583,3519,12023,73.6,71.2,74.6,2021
28003,"Mississippi","Alcorn",43496,4261,24588,73.6,71.6,73.8,2021
28005,"Mississippi","Amite",41575,1395,13131,77,75.2,77.8,2021
28007,"Mississippi","Attala",36905,1934,12581,74.1,71.7,76,2021
28009,"Mississippi","Benton",37875,948,8729,73.5,72.5,73.5,2021
28011,"Mississippi","Bolivar",30309,3684,18423,71.5,69.4,74.7,2021
28013,"Mississippi","Calhoun",38648,1940,14962,75.4,72.5,76.4,2021
28015,"Mississippi","Carroll",44885,1032,10597,77.6,79.3,77,2021
28017,"Mississippi","Chickasaw",37533,2116,14835,74.4,72.9,74.6,2021
28019,"Mississippi","Choctaw",41146,789,8547,73.9,68.8,75.8,2021
28023,"Mississippi","Clarke",42826,1727,16732,74,70.3,76,2021
28025,"Mississippi","Clay",33653,2107,11461,76.6,75.2,77.6,2021
28027,"Mississippi","Coahoma",30242,2428,8368,70.3,68.9,73.4,2021
28029,"Mississippi","Copiah",42299,3248,19312,75.7,74.7,76.3,2021
28031,"Mississippi","Covington",42076,2234,19568,72.5,71.6,72.8,2021
28033,"Mississippi","DeSoto",67450,17174,32942,77,76.9,76.4,2021
28035,"Mississippi","Forrest",40224,8919,22207,73.5,70.5,74.9,2021
28037,"Mississippi","Franklin",41420,789,8118,74.5,73.3,75.1,2021
28039,"Mississippi","George",51858,2726,19942,72.6,74.3,72.4,2021
28041,"Mississippi","Greene",48641,1198,14400,75.9,74.8,75.9,2021
28043,"Mississippi","Grenada",40561,2170,11425,70.1,67.3,72,2021
28045,"Mississippi","Hancock",50401,5419,18696,77.6,76.8,77.2,2021
28047,"Mississippi","Harrison",49619,24879,42744,74.9,73.3,74.9,2021
28049,"Mississippi","Hinds",44773,23433,37471,75.2,74.4,77.2,2021
28051,"Mississippi","Holmes",26348,1873,16673,70.6,69.2,77.2,2021
28053,"Mississippi","Humphreys",28464,950,4673,72.8,71.7,74.6,2021
28057,"Mississippi","Itawamba",49214,2685,20184,74.9,75.2,74.6,2021
28059,"Mississippi","Jackson",53414,15929,38074,75.7,74.2,75.5,2021
28061,"Mississippi","Jasper",40923,1693,17062,75,76.2,74.6,2021
28065,"Mississippi","Jefferson Davis",32077,1587,12487,72.3,69.8,76.4,2021
28067,"Mississippi","Jones",41733,7929,41630,74.6,73.9,74.7,2021
28069,"Mississippi","Kemper",33472,1178,10456,77.5,77,77.1,2021
28071,"Mississippi","Lafayette",54034,5507,21583,78.1,74.9,79.2,2021
28073,"Mississippi","Lamar",62606,6064,28027,79.9,78.8,79.9,2021
28075,"Mississippi","Lauderdale",41604,6974,38730,74.9,73.3,75.9,2021
28077,"Mississippi","Lawrence",43668,1317,12929,72.7,73.7,72.6,2021
28079,"Mississippi","Leake",41007,3022,19327,76.1,76.5,77,2021
28081,"Mississippi","Lee",50803,9094,37612,74.9,72.6,75.6,2021
28083,"Mississippi","Leflore",29687,2956,5714,70.7,70.1,72.5,2021
28085,"Mississippi","Lincoln",45062,3859,24234,73.9,71.5,74.7,2021
28087,"Mississippi","Lowndes",49251,6303,25465,74.6,72.9,75.5,2021
28089,"Mississippi","Madison",70824,7720,26639,76.5,74,77.6,2021
28091,"Mississippi","Marion",38402,3027,19794,74.1,73.5,74.2,2021
28093,"Mississippi","Marshall",43107,3545,30984,73.4,73.4,72.9,2021
28095,"Mississippi","Monroe",42464,4040,25757,74.9,74.6,75,2021
28097,"Mississippi","Montgomery",38475,993,6537,72.5,71.6,72.2,2021
28099,"Mississippi","Neshoba",41795,3822,21917,70.9,72.8,73.4,2021
28101,"Mississippi","Newton",42962,2538,18910,74.3,72.9,75.5,2021
28103,"Mississippi","Noxubee",32916,1403,8547,74.3,72.4,79.8,2021
28105,"Mississippi","Oktibbeha",41631,5624,17364,77.9,73.2,81.1,2021
28107,"Mississippi","Panola",40655,3923,27398,73.4,72.3,74.4,2021
28109,"Mississippi","Pearl River",45874,6023,39042,73.7,71.2,73.9,2021
28111,"Mississippi","Perry",43106,1491,12250,75.9,76,76.2,2021
28113,"Mississippi","Pike",35044,4712,24016,72.1,71,72.9,2021
28115,"Mississippi","Pontotoc",48910,3752,25150,76.3,76.7,75.8,2021
28117,"Mississippi","Prentiss",43465,2947,19226,74,76.1,73.8,2021
28119,"Mississippi","Quitman",29318,887,4687,70.8,70.2,71.6,2021
28121,"Mississippi","Rankin",67284,12041,48018,79.2,77.3,79.2,2021
28123,"Mississippi","Scott",41532,4266,20398,73.3,70.8,73.5,2021
28127,"Mississippi","Simpson",47664,3310,23333,75,74.6,74.9,2021
28129,"Mississippi","Smith",46296,1868,16491,75.9,72.8,76.5,2021
28131,"Mississippi","Stone",47187,1967,14018,75.1,75.3,75.3,2021
28133,"Mississippi","Sunflower",32948,2524,13477,70.3,69.6,72.2,2021
28135,"Mississippi","Tallahatchie",31915,1280,12448,74.2,72,76.7,2021
28137,"Mississippi","Tate",50188,3338,22355,74.9,74.5,75.1,2021
28139,"Mississippi","Tippah",44696,2669,18640,73.6,70.8,73.8,2021
28143,"Mississippi","Tunica",33993,956,7116,69.9,69.3,71.5,2021
28145,"Mississippi","Union",49320,3327,20502,76.2,75.1,76.2,2021
28147,"Mississippi","Walthall",35465,1832,15443,75.5,73.5,76.4,2021
28149,"Mississippi","Warren",46606,4474,19945,74.4,72.4,75.7,2021
28151,"Mississippi","Washington",31018,5194,8961,70.5,69.3,73.2,2021
28153,"Mississippi","Wayne",39036,2521,16523,75.6,73.7,76.4,2021
28155,"Mississippi","Webster",46110,1038,10253,73.8,72.5,74,2021
28157,"Mississippi","Wilkinson",32612,946,9878,70.9,69.8,71.8,2021
28159,"Mississippi","Winston",37596,2071,14574,74.7,72.6,76.6,2021
28161,"Mississippi","Yalobusha",40515,1221,10056,72.2,73,70.9,2021
28163,"Mississippi","Yazoo",34817,2494,12519,73.8,71.6,75.2,2021
29007,"Missouri","Audrain",45609,1996,10517,75.8,71.7,76.2,2021
29019,"Missouri","Boone",58029,13993,30554,79.8,72.6,80.3,2021
29021,"Missouri","Buchanan",49216,7543,11928,76.6,74,76.5,2021
29023,"Missouri","Butler",41327,3844,22331,74.1,69.5,74.2,2021
29027,"Missouri","Callaway",58720,3495,27498,77.7,72.7,77.8,2021
29031,"Missouri","Cape Girardeau",57618,6221,23083,77.5,73.7,77.9,2021
29037,"Missouri","Cass",73882,7429,32233,78.5,77.2,78.4,2021
29047,"Missouri","Clay",70705,16172,21785,79.6,76.4,79.6,2021
29051,"Missouri","Cole",61847,4935,22094,79.1,74.9,79.5,2021
29069,"Missouri","Dunklin",38880,3092,16122,72.5,69.3,72.5,2021
29077,"Missouri","Greene",45313,25711,38518,77.2,73.9,77.1,2021
29095,"Missouri","Jackson",57907,63756,25867,77.2,72.8,78.4,2021
29097,"Missouri","Jasper",46021,13182,27815,76.1,68.7,75.9,2021
29099,"Missouri","Jefferson",68779,18359,66049,76,76.2,75.9,2021
29101,"Missouri","Johnson",58396,3959,26531,78.8,78.5,78.6,2021
29127,"Missouri","Marion",50803,1863,7128,76.6,68.6,77.1,2021
29133,"Missouri","Mississippi",36802,1171,4695,72.2,73.3,72,2021
29143,"Missouri","New Madrid",42115,1624,10779,72.8,71.4,72.7,2021
29155,"Missouri","Pemiscot",34280,1479,9014,71.5,68.9,72.4,2021
29165,"Missouri","Platte",84456,5379,14120,80.2,76.9,80.2,2021
29169,"Missouri","Pulaski",55620,3445,23017,76.4,76.4,75.7,2021
29183,"Missouri","St. Charles",89236,18295,21018,80.2,78,80.1,2021
29189,"Missouri","St. Louis",70161,59030,11368,78,71.7,79.9,2021
29201,"Missouri","Scott",44924,3076,16285,75.7,76.8,75.5,2021
29510,"Missouri","St. Louis City",46309,28873,1,74,69.4,77.4,2021
30013,"Montana","Cascade",51732,5084,16120,77.7,72.9,78.3,2021
30111,"Montana","Yellowstone",61435,9109,24694,78.2,62.5,78.8,2021
31055,"Nebraska","Douglas",67264,43240,11224,79.1,73.1,79.5,2021
31079,"Nebraska","Hall",57371,5356,8571,78.2,85.6,77.8,2021
31109,"Nebraska","Lancaster",61383,18277,23555,80.2,77.2,80,2021
31153,"Nebraska","Sarpy",84016,8527,8377,81.3,80.6,81.1,2021
32003,"Nevada","Clark",62131,209083,25485,79,74.7,77.4,2021
32023,"Nevada","Nye",48490,3310,15500,74.2,76.9,72.8,2021
32031,"Nevada","Washoe",71733,38397,17981,78.7,73.9,77.7,2021
33011,"New Hampshire","Hillsborough",82862,23411,84918,79.6,86.3,79.1,2021
33013,"New Hampshire","Merrimack",75800,7551,79978,79.7,79.4,79.6,2021
33015,"New Hampshire","Rockingham",91416,13287,73505,80.9,80.5,80.7,2021
33017,"New Hampshire","Strafford",71486,6895,39900,78,80.6,77.7,2021
34001,"New Jersey","Atlantic",62678,18147,34905,77.3,72.4,76.9,2021
34003,"New Jersey","Bergen",107971,60415,919,83.2,80.3,81.9,2021
34005,"New Jersey","Burlington",88443,17002,29900,79.6,77.7,79.2,2021
34007,"New Jersey","Camden",73168,30413,8308,77.2,73.2,77.5,2021
34009,"New Jersey","Cape May",66565,4719,16977,77.1,73.4,77,2021
34011,"New Jersey","Cumberland",54179,11238,36129,75.3,73.4,74.7,2021
34013,"New Jersey","Essex",64522,69026,114,79.8,75.6,82.1,2021
34015,"New Jersey","Gloucester",87996,11212,24060,77.6,74.7,77.4,2021
34017,"New Jersey","Hudson",77738,69294,0,82.6,75.8,79.5,2021
34019,"New Jersey","Hunterdon",117275,3499,63622,83.5,89.8,83.4,2021
34021,"New Jersey","Mercer",79475,24402,12764,80.6,74.9,80.9,2021
34023,"New Jersey","Middlesex",92770,47932,5461,81.7,80,79.4,2021
34025,"New Jersey","Monmouth",102579,30020,23510,80.6,75.8,80.4,2021
34027,"New Jersey","Morris",116328,18473,33324,82.6,79.5,81.9,2021
34029,"New Jersey","Ocean",75627,31103,16711,79.1,76.5,78.8,2021
34031,"New Jersey","Passaic",76039,50889,12080,80.6,74,79.7,2021
34033,"New Jersey","Salem",68146,3138,29936,75.8,70.1,76.4,2021
34035,"New Jersey","Somerset",112722,13385,18736,82.6,79,81.6,2021
34037,"New Jersey","Sussex",100281,5853,59482,79.2,76.6,78.8,2021
34039,"New Jersey","Union",79953,47516,0,81.6,78,81.3,2021
34041,"New Jersey","Warren",83998,5382,40830,79.8,80.5,79.3,2021
35001,"New Mexico","Bernalillo",56148,53708,27798,78.4,74.6,79.3,2021
35009,"New Mexico","Curry",45623,3917,6806,76.5,71.1,77,2021
35013,"New Mexico","Dona Ana",43618,19496,40362,80,77.8,78.7,2021
35025,"New Mexico","Lea",63012,6246,13613,75.6,71.9,73.3,2021
35035,"New Mexico","Otero",43135,5413,18880,78.1,76.9,77.8,2021
35043,"New Mexico","Sandoval",71118,10835,22442,79,83.5,79.9,2021
36001,"New York","Albany",69408,9023,29496,79.9,76.1,80.4,2021
36005,"New York","Bronx",41470,97537,39,80.9,79,79.1,2021
36007,"New York","Broome",52179,6860,52270,78.6,75,78.7,2021
36011,"New York","Cayuga",58055,2448,44640,79.8,84.7,79.8,2021
36013,"New York","Chautauqua",50143,4659,59173,78,73.7,78.2,2021
36015,"New York","Chemung",58400,2362,21478,76.5,74.3,76.5,2021
36019,"New York","Clinton",59069,2733,52690,79.4,82.2,79.2,2021
36021,"New York","Columbia",71563,2318,46248,79.9,77.7,79.8,2021
36027,"New York","Dutchess",84564,10523,75560,80.7,79,80.3,2021
36029,"New York","Erie",60620,29091,86425,78.7,74,79.4,2021
36033,"New York","Franklin",48943,2177,32340,79.2,90.3,78.7,2021
36037,"New York","Genesee",62570,1801,35979,78.1,74.8,78.3,2021
36039,"New York","Greene",54746,1710,36001,78.4,76.8,78.3,2021
36045,"New York","Jefferson",53829,3729,55847,78,89.1,77.7,2021
36047,"New York","Kings",66501,158551,37,82.9,81.4,83.8,2021
36051,"New York","Livingston",60268,1850,35739,79.6,82.3,79.4,2021
36055,"New York","Monroe",62159,22443,48010,79.8,74.5,80.7,2021
36059,"New York","Nassau",117767,45814,2575,83.1,81.2,82.7,2021
36061,"New York","New York",93007,74259,0,85.3,77.1,87.6,2021
36063,"New York","Niagara",56371,6646,48577,78.1,72.3,78.6,2021
36065,"New York","Oneida",56516,7636,77472,78.2,74,78.4,2021
36067,"New York","Onondaga",61597,15538,58787,79.7,74.6,80.3,2021
36069,"New York","Ontario",66754,3202,51233,80,78.3,80,2021
36071,"New York","Orange",83188,15091,83289,80.5,78.8,79.9,2021
36073,"New York","Orleans",53115,1455,26107,77.6,81.9,77,2021
36079,"New York","Putnam",105600,3020,20490,82.8,84.6,82.4,2021
36081,"New York","Queens",72975,178021,0,84.1,81.5,82.2,2021
36083,"New York","Rensselaer",70688,4847,48645,79.2,74.4,79.6,2021
36085,"New York","Richmond",86624,18611,0,81,82.1,81.2,2021
36087,"New York","Rockland",99831,12210,2236,83.2,83.2,82.5,2021
36089,"New York","St. Lawrence",51742,3765,69396,78.9,85.8,78.8,2021
36091,"New York","Saratoga",89071,6683,65798,81.3,83.1,81,2021
36093,"New York","Schenectady",64960,5310,12620,79.1,75.7,79.2,2021
36099,"New York","Seneca",51064,1159,20677,77.9,74,77.9,2021
36101,"New York","Steuben",53167,3497,59761,78.8,84.8,78.6,2021
36103,"New York","Suffolk",105241,53775,38844,80.9,78.1,80.6,2021
36105,"New York","Sullivan",58851,3182,57513,78.3,79.1,77.4,2021
36109,"New York","Tompkins",59176,3231,44021,81,77.8,80.5,2021
36111,"New York","Ulster",64090,7441,84020,80.2,78.7,79.9,2021
36115,"New York","Washington",56897,2205,42923,78.7,84.4,78.4,2021
36117,"New York","Wayne",61989,3090,56917,79,77.3,78.9,2021
36119,"New York","Westchester",101741,40536,31069,83.6,80.7,83.5,2021
36121,"New York","Wyoming",58214,1229,27014,79.2,85,78.8,2021
37001,"North Carolina","Alamance",57963,16236,43160,77.3,74.5,77.3,2021
37003,"North Carolina","Alexander",54960,3221,27072,77.1,73.8,77.2,2021
37007,"North Carolina","Anson",40826,2221,21157,74.3,74,74.8,2021
37013,"North Carolina","Beaufort",49410,4106,31330,76.1,73.8,76.5,2021
37015,"North Carolina","Bertie",37899,1537,17716,76.8,76.1,78.1,2021
37017,"North Carolina","Bladen",42260,4108,32105,75.7,73,76.2,2021
37019,"North Carolina","Brunswick",63712,11416,46153,78.9,76.7,78.7,2021
37021,"North Carolina","Buncombe",55448,22962,57386,78.7,74.8,78.7,2021
37023,"North Carolina","Burke",47890,8671,38776,76.7,74.9,76.4,2021
37025,"North Carolina","Cabarrus",72071,17365,34273,78.6,76.7,78.3,2021
37027,"North Carolina","Caldwell",48512,8648,28585,76,73.7,76,2021
37031,"North Carolina","Carteret",60058,6171,21671,77.8,76.7,77.5,2021
37033,"North Carolina","Caswell",51240,1927,23528,75.8,76.1,75.6,2021
37035,"North Carolina","Catawba",53688,15166,46763,77,73.4,77,2021
37037,"North Carolina","Chatham",70258,6438,41864,81.1,76,81.5,2021
37041,"North Carolina","Chowan",47126,1095,10003,75.1,73.1,76,2021
37045,"North Carolina","Cleveland",46012,9084,54718,74.6,72.6,74.8,2021
37047,"North Carolina","Columbus",39531,5832,46824,74.4,73.1,74.4,2021
37049,"North Carolina","Craven",53372,7932,28680,76.6,73.2,76.8,2021
37051,"North Carolina","Cumberland",46599,27066,42702,76.4,75.4,75.9,2021
37057,"North Carolina","Davidson",53924,17094,77179,76.4,75.5,76.3,2021
37059,"North Carolina","Davie",63828,3840,28987,78.9,75.1,78.9,2021
37061,"North Carolina","Duplin",44929,8621,50586,79.5,76.6,79.3,2021
37063,"North Carolina","Durham",65541,29828,15059,80.3,77,81.8,2021
37065,"North Carolina","Edgecombe",40784,4706,25622,73.3,72.9,74,2021
37067,"North Carolina","Forsyth",53054,35938,25762,77.9,74.6,78.7,2021
37069,"North Carolina","Franklin",57371,6765,51719,77.6,75.3,78.1,2021
37071,"North Carolina","Gaston",56542,20595,40491,75.6,74.4,75.5,2021
37073,"North Carolina","Gates",54204,873,12197,74.6,73.5,74.5,2021
37077,"North Carolina","Granville",54300,5179,32804,78.2,77.1,78.1,2021
37079,"North Carolina","Greene",44648,2590,21362,77.3,75.4,76.9,2021
37081,"North Carolina","Guilford",55820,44693,62000,78.1,75.6,78.7,2021
37083,"North Carolina","Halifax",38727,4578,29919,74.5,73.7,74.9,2021
37085,"North Carolina","Harnett",55619,14253,64129,76.9,74.6,76.9,2021
37089,"North Carolina","Henderson",61651,11255,35513,79.5,76.8,79.1,2021
37091,"North Carolina","Hertford",42374,1845,16932,76.8,77.1,75.8,2021
37093,"North Carolina","Hoke",48420,6649,20260,76.1,74.5,77.1,2021
37097,"North Carolina","Iredell",68308,15772,60446,77.9,74.3,77.9,2021
37101,"North Carolina","Johnston",62835,20754,87879,78.1,77,78,2021
37103,"North Carolina","Jones",46275,1042,10153,75.9,76.2,75.7,2021
37105,"North Carolina","Lee",53114,7239,24746,76.5,70.8,77.1,2021
37107,"North Carolina","Lenoir",39947,5668,26776,74.6,73.6,74.6,2021
37109,"North Carolina","Lincoln",70479,7617,42696,77.6,74.5,77.3,2021
37111,"North Carolina","McDowell",46370,4446,31633,77,77.8,76.6,2021
37117,"North Carolina","Martin",39413,1828,19144,75.3,74.1,75.7,2021
37119,"North Carolina","Mecklenburg",69455,110983,9798,80.6,77,81.7,2021
37123,"North Carolina","Montgomery",46497,2804,21359,76.5,72.7,76.4,2021
37125,"North Carolina","Moore",63942,7693,44704,79.5,75.7,79.7,2021
37127,"North Carolina","Nash",50902,8015,45584,75.3,75.1,75.1,2021
37129,"North Carolina","New Hanover",57252,19603,4489,79.5,74.9,80,2021
37131,"North Carolina","Northampton",39777,1561,19749,77.7,76,80.2,2021
37133,"North Carolina","Onslow",50645,14046,46841,76.8,76.1,76.2,2021
37135,"North Carolina","Orange",74314,10958,38176,82.3,76,82.6,2021
37137,"North Carolina","Pamlico",52522,969,13144,76.7,75,75.9,2021
37139,"North Carolina","Pasquotank",51245,3190,16801,76.1,75.4,75.7,2021
37141,"North Carolina","Pender",60405,5714,35902,77.3,73.6,77.7,2021
37143,"North Carolina","Perquimans",50804,1158,13453,78.9,77.3,79.1,2021
37145,"North Carolina","Person",54553,3295,29804,76,72.8,77,2021
37147,"North Carolina","Pitt",52961,16147,42770,78.4,74.9,80.1,2021
37151,"North Carolina","Randolph",50129,16775,79725,75.6,71.5,75.1,2021
37153,"North Carolina","Richmond",40518,4375,21235,73.9,72.3,74.1,2021
37155,"North Carolina","Robeson",36366,17864,84007,72.8,71.1,73.2,2021
37157,"North Carolina","Rockingham",44686,8696,58007,75.5,73.8,75.6,2021
37159,"North Carolina","Rowan",52051,13801,53741,75.4,73.5,75.1,2021
37161,"North Carolina","Rutherford",44547,6496,41392,76.2,73.2,76.3,2021
37163,"North Carolina","Sampson",45997,8645,53893,76.4,76.2,75.7,2021
37165,"North Carolina","Scotland",39197,3381,17497,74.6,72.8,76,2021
37167,"North Carolina","Stanly",58303,5646,41024,75.5,75,75.4,2021
37169,"North Carolina","Stokes",52356,3986,35881,76.9,76.8,76.7,2021
37171,"North Carolina","Surry",48637,7700,50691,75,75.9,74.2,2021
37179,"North Carolina","Union",86138,21672,54931,80.1,77.4,80,2021
37181,"North Carolina","Vance",40450,4213,24564,73.8,71.7,74.3,2021
37183,"North Carolina","Wake",84377,81522,54973,81.8,78.1,82.4,2021
37185,"North Carolina","Warren",37027,2048,20972,77.9,77.2,79.4,2021
37187,"North Carolina","Washington",40157,1016,8963,75.5,73.4,77.3,2021
37191,"North Carolina","Wayne",45634,13568,56902,75.8,74,76.1,2021
37193,"North Carolina","Wilkes",45250,7387,50473,76.7,71.4,76.6,2021
37195,"North Carolina","Wilson",42414,8609,31406,75.6,73.5,76.6,2021
38017,"North Dakota","Cass",63977,9498,15629,80.8,84.6,81.2,2021
39003,"Ohio","Allen",58271,4740,27530,76.9,74.4,77.1,2021
39007,"Ohio","Ashtabula",47388,5817,47063,75.2,72.2,75,2021
39009,"Ohio","Athens",43621,3839,27956,78,79.6,77.6,2021
39013,"Ohio","Belmont",50166,3146,38484,76.6,74.4,76.5,2021
39017,"Ohio","Butler",68611,18513,34394,76.7,75.1,76.3,2021
39023,"Ohio","Clark",50832,7500,32654,74.2,69.2,74.5,2021
39025,"Ohio","Clermont",68724,9946,44834,77.9,78.1,77.7,2021
39029,"Ohio","Columbiana",52693,5969,47304,76.4,78.7,76.2,2021
39035,"Ohio","Cuyahoga",52503,64175,7447,77,73.6,78.3,2021
39041,"Ohio","Delaware",110252,6450,33641,82.3,81.3,82,2021
39043,"Ohio","Erie",60790,3087,20409,76.8,73.3,77,2021
39045,"Ohio","Fairfield",71782,6823,50734,78,81.3,77.7,2021
39049,"Ohio","Franklin",64648,86703,15753,77.2,74.3,77.6,2021
39057,"Ohio","Greene",69709,7118,24090,78.9,78.4,78.6,2021
39061,"Ohio","Hamilton",60251,40518,17908,76.6,73.1,77.7,2021
39063,"Ohio","Hancock",62720,3413,23265,77.6,77.9,77.5,2021
39081,"Ohio","Jefferson",47652,2916,27174,74.8,64.2,75.5,2021
39085,"Ohio","Lake",65040,11164,15020,78.5,75.6,78.3,2021
39089,"Ohio","Licking",66321,8522,59151,77.6,78.3,77.4,2021
39093,"Ohio","Lorain",59201,15195,35373,77.7,72.3,78,2021
39095,"Ohio","Lucas",49924,26505,20589,75.6,72.1,76.3,2021
39097,"Ohio","Madison",65696,1939,21060,76.9,75.9,76.6,2021
39099,"Ohio","Mahoning",48018,10353,36202,76.4,69.9,77.5,2021
39101,"Ohio","Marion",51479,2912,20117,75.2,74.7,74.8,2021
39103,"Ohio","Medina",78540,6194,51345,80.1,76.5,80,2021
39109,"Ohio","Miami",63524,5378,31570,77.8,74.7,77.7,2021
39113,"Ohio","Montgomery",54704,29449,23179,74.9,71.7,75.5,2021
39119,"Ohio","Muskingum",52105,4533,40483,75.7,71.5,75.8,2021
39129,"Ohio","Pickaway",63931,2506,27774,75.5,71.6,75.4,2021
39133,"Ohio","Portage",57439,8235,52967,78,75.7,77.9,2021
39139,"Ohio","Richland",51883,6221,39900,75.9,73.1,75.9,2021
39141,"Ohio","Ross",54728,3845,45801,75.3,76.3,75,2021
39143,"Ohio","Sandusky",58415,2553,26903,76.5,70.9,76.3,2021
39145,"Ohio","Scioto",45410,4107,43150,72,75.4,71.7,2021
39147,"Ohio","Seneca",55664,2375,26959,77.2,78.6,76.9,2021
39151,"Ohio","Stark",55623,20476,50817,77,72.9,77.2,2021
39153,"Ohio","Summit",57753,28054,21003,77.2,72.8,77.8,2021
39155,"Ohio","Trumbull",47966,10690,57359,75.5,71.9,75.9,2021
39159,"Ohio","Union",91597,2078,26125,79,87.6,78.7,2021
39165,"Ohio","Warren",91645,8690,36724,79.3,82.2,78.9,2021
39169,"Ohio","Wayne",58747,8100,58406,78,75.5,77.8,2021
39173,"Ohio","Wood",64723,5637,37077,78.8,77.4,78.6,2021
40017,"Oklahoma","Canadian",75111,13644,26006,78.4,77.6,78.2,2021
40019,"Oklahoma","Carter",51895,6619,26669,74.7,75.4,74.9,2021
40023,"Oklahoma","Choctaw",37131,1854,10177,74,72.4,74.2,2021
40027,"Oklahoma","Cleveland",64706,27075,43181,78.7,77.9,78.3,2021
40031,"Oklahoma","Comanche",51184,11326,27041,76.3,75.9,76.3,2021
40037,"Oklahoma","Creek",54737,7605,37743,75,70.9,75.5,2021
40047,"Oklahoma","Garfield",58381,7176,12971,76,74.4,76,2021
40065,"Oklahoma","Jackson",48430,2702,6546,76,70.1,75.8,2021
40083,"Oklahoma","Logan",66625,4884,23173,79.4,80.6,78.7,2021
40089,"Oklahoma","McCurtain",40803,4796,22958,73.5,66.9,74.2,2021
40101,"Oklahoma","Muskogee",43392,8765,29189,73,72.5,73.5,2021
40109,"Oklahoma","Oklahoma",56272,98312,45097,76.1,72.9,76.3,2021
40111,"Oklahoma","Okmulgee",41725,4432,19454,73,68.8,73.6,2021
40113,"Oklahoma","Osage",50667,4762,28233,78.3,98.4,77.4,2021
40119,"Oklahoma","Payne",43025,9213,26093,78,75.5,78,2021
40121,"Oklahoma","Pittsburg",47215,5300,23797,73,71.3,72.6,2021
40125,"Oklahoma","Pottawatomie",52747,7831,35187,74.5,74.5,75.1,2021
40143,"Oklahoma","Tulsa",57668,74588,28839,76.8,71.3,77.4,2021
40145,"Oklahoma","Wagoner",65191,8625,27384,79.2,77.7,79.1,2021
40147,"Oklahoma","Washington",62515,5658,12174,76.5,72.3,76.4,2021
41005,"Oregon","Clackamas",80539,20404,67974,81.1,80.3,80.8,2021
41029,"Oregon","Jackson",56367,14159,40748,79.1,81.8,78.7,2021
41039,"Oregon","Lane",57212,25708,61631,79.1,77.9,78.9,2021
41047,"Oregon","Marion",64058,26106,41289,79.7,82.3,79,2021
41051,"Oregon","Multnomah",72469,51361,9870,79.7,74.1,79.6,2021
41067,"Oregon","Washington",85665,34293,29611,82.7,84.3,82.1,2021
42001,"Pennsylvania","Adams",67706,4605,54431,79.9,79,79.8,2021
42003,"Pennsylvania","Allegheny",64799,42145,30416,78.1,72.4,78.9,2021
42007,"Pennsylvania","Beaver",60323,5537,44046,76.9,70.8,77.4,2021
42011,"Pennsylvania","Berks",67418,21320,97660,79.3,75.2,79.5,2021
42013,"Pennsylvania","Blair",51004,5049,29778,77.1,72.9,77.1,2021
42017,"Pennsylvania","Bucks",93587,23135,55207,79.9,78.2,79.5,2021
42019,"Pennsylvania","Butler",72576,5981,77156,78.8,72.6,78.7,2021
42021,"Pennsylvania","Cambria",48798,4500,45986,76.1,67.3,76.4,2021
42027,"Pennsylvania","Centre",61036,6920,49612,83,81.4,82.7,2021
42029,"Pennsylvania","Chester",102233,20360,66235,81.4,75.8,81.3,2021
42039,"Pennsylvania","Crawford",49741,4091,56544,77.1,76.7,77,2021
42041,"Pennsylvania","Cumberland",75269,9338,52208,80,78.1,79.8,2021
42043,"Pennsylvania","Dauphin",60763,12542,35720,78.7,75.1,79.5,2021
42045,"Pennsylvania","Delaware",76783,24091,2593,78.6,75.6,79,2021
42049,"Pennsylvania","Erie",51923,10834,56168,77.7,72.5,78,2021
42051,"Pennsylvania","Fayette",48055,5310,65431,75.2,73.7,75.2,2021
42055,"Pennsylvania","Franklin",62699,8850,60374,79.3,75.5,79.3,2021
42061,"Pennsylvania","Huntingdon",54323,1744,31525,78.5,79,78.1,2021
42063,"Pennsylvania","Indiana",51299,4170,53390,78.2,79.8,78.1,2021
42069,"Pennsylvania","Lackawanna",53655,9323,34965,76.9,71.4,76.9,2021
42071,"Pennsylvania","Lancaster",67515,35924,110419,80.5,77.8,80.5,2021
42073,"Pennsylvania","Lawrence",50979,3320,36733,76.3,69.8,76.6,2021
42075,"Pennsylvania","Lebanon",61560,7552,35470,78.9,76.7,79.1,2021
42077,"Pennsylvania","Lehigh",65436,19532,27700,79.6,76.7,79.2,2021
42079,"Pennsylvania","Luzerne",53439,13432,64135,76.3,72.1,76.1,2021
42081,"Pennsylvania","Lycoming",53762,4912,42121,78.1,70,78.5,2021
42085,"Pennsylvania","Mercer",54099,4735,51891,76.8,70.1,77.2,2021
42089,"Pennsylvania","Monroe",63012,8806,65141,78.9,78.6,77.9,2021
42091,"Pennsylvania","Montgomery",92340,25700,23466,80.9,77.9,80.8,2021
42095,"Pennsylvania","Northampton",73780,12191,38016,80.1,77.7,80,2021
42097,"Pennsylvania","Northumberland",47967,3899,32953,77,71.7,77.2,2021
42101,"Pennsylvania","Philadelphia",47598,101687,0,76.4,73.6,77.2,2021
42103,"Pennsylvania","Pike",66595,2532,40595,80,81.8,79.1,2021
42107,"Pennsylvania","Schuylkill",55951,5778,54068,75.7,72.1,75.4,2021
42111,"Pennsylvania","Somerset",49082,3527,55043,77.8,70.3,77.7,2021
42119,"Pennsylvania","Union",61306,1667,19244,82.6,78.6,82.3,2021
42125,"Pennsylvania","Washington",65558,6427,64060,77,71.7,77.1,2021
42127,"Pennsylvania","Wayne",56265,2206,46533,78.6,76.8,78.3,2021
42129,"Pennsylvania","Westmoreland",59407,11208,92620,77.9,71,78,2021
42133,"Pennsylvania","York",69101,19432,107527,79,75.1,79.2,2021
44003,"Rhode Island","Kent",74230,4041,13270,79.2,87.5,78.7,2021
44005,"Rhode Island","Newport",80862,1930,10023,81.6,77.1,81.7,2021
44007,"Rhode Island","Providence",62165,26684,34522,79.4,82.8,78.5,2021
44009,"Rhode Island","Washington",86450,2724,39139,81,81.9,81,2021
45001,"South Carolina","Abbeville",46499,2343,19972,76.2,73.8,77.2,2021
45003,"South Carolina","Aiken",56824,15283,59235,76.5,74,76.7,2021
45005,"South Carolina","Allendale",32147,575,7112,72.4,72.1,73.6,2021
45007,"South Carolina","Anderson",54496,18094,70969,76.3,74.8,76.3,2021
45009,"South Carolina","Bamberg",35364,1244,8714,73.5,71.1,77.2,2021
45011,"South Carolina","Barnwell",36675,1816,18672,73.6,72,74,2021
45013,"South Carolina","Beaufort",73890,16125,31873,82.9,76.6,83.7,2021
45015,"South Carolina","Berkeley",68690,20065,51492,78.8,77.2,78.7,2021
45017,"South Carolina","Calhoun",47090,1364,15175,76,74.4,75.9,2021
45019,"South Carolina","Charleston",70980,32652,38106,79,73.9,80.9,2021
45021,"South Carolina","Cherokee",46905,5470,33786,73.8,71.8,73.9,2021
45023,"South Carolina","Chester",45400,2732,23789,72.9,71.4,73.7,2021
45025,"South Carolina","Chesterfield",42441,4765,34474,74.5,73.5,74.7,2021
45027,"South Carolina","Clarendon",39900,3245,29973,75.7,74,76.8,2021
45029,"South Carolina","Colleton",40808,3738,29390,71.9,70.7,72.6,2021
45031,"South Carolina","Darlington",44007,6025,39673,73.3,73.3,73,2021
45033,"South Carolina","Dillon",35483,3372,22285,72.9,72,73.1,2021
45035,"South Carolina","Dorchester",68051,12894,26605,78.3,77.1,78.3,2021
45037,"South Carolina","Edgefield",52591,2378,19783,80.6,77.3,82,2021
45039,"South Carolina","Fairfield",42496,1933,18761,74,73,74.4,2021
45041,"South Carolina","Florence",49770,12506,52726,73.9,72.2,74.9,2021
45043,"South Carolina","Georgetown",53747,5542,24976,75.8,73.8,76.3,2021
45045,"South Carolina","Greenville",64399,52874,56880,78.4,75.5,78.6,2021
45047,"South Carolina","Greenwood",43958,6882,27692,75.9,73.2,76.8,2021
45049,"South Carolina","Hampton",37560,1566,16550,73.2,72.6,73.2,2021
45051,"South Carolina","Horry",53648,41075,81799,77.2,74.7,77.2,2021
45053,"South Carolina","Jasper",50790,4107,16519,77.4,76.7,77.1,2021
45055,"South Carolina","Kershaw",56318,5631,35587,76.9,76.1,76.7,2021
45057,"South Carolina","Lancaster",63842,8051,38291,77.8,74.4,78.1,2021
45059,"South Carolina","Laurens",47038,6851,42713,73.8,72.3,74,2021
45061,"South Carolina","Lee",37710,1323,13829,71.5,71.3,71.7,2021
45063,"South Carolina","Lexington",62059,25844,66322,78,77,77.9,2021
45065,"South Carolina","McCormick",48645,601,10233,72.5,72.3,69.2,2021
45067,"South Carolina","Marion",35138,3066,20086,72.1,70.9,73.5,2021
45069,"South Carolina","Marlboro",34532,2263,15927,72.4,72.6,71.3,2021
45071,"South Carolina","Newberry",50773,3843,25449,77.2,74.2,77.8,2021
45073,"South Carolina","Oconee",52240,8413,48219,76.3,75.7,75.7,2021
45075,"South Carolina","Orangeburg",38736,7725,58995,73.9,73.5,74,2021
45077,"South Carolina","Pickens",52949,11973,42673,77.1,75.9,76.8,2021
45079,"South Carolina","Richland",52905,32707,34876,77.7,75.6,79.4,2021
45081,"South Carolina","Saluda",49493,2792,16005,79.1,75.6,79.5,2021
45083,"South Carolina","Spartanburg",55588,28778,77992,75.9,74.3,75.7,2021
45085,"South Carolina","Sumter",49611,9840,34349,75.3,74.3,75.7,2021
45087,"South Carolina","Union",42851,2316,18928,73.9,73.3,73.7,2021
45089,"South Carolina","Williamsburg",34409,2570,28205,72.1,70.9,73.2,2021
45091,"South Carolina","York",68468,20667,51895,78.2,75.8,78.2,2021
46099,"South Dakota","Minnehaha",63162,13864,23109,78.6,75.4,79,2021
46103,"South Dakota","Pennington",58919,10348,20999,79.2,83.3,80.5,2021
47001,"Tennessee","Anderson",50973,6327,26041,74.9,74,74.6,2021
47003,"Tennessee","Bedford",50539,5340,25053,74.9,73.5,74.6,2021
47009,"Tennessee","Blount",59368,10619,40140,77,76.8,76.8,2021
47011,"Tennessee","Bradley",52534,10488,32630,76.6,75.7,76.4,2021
47017,"Tennessee","Carroll",43258,2166,23690,74.1,73.8,74.1,2021
47023,"Tennessee","Chester",50769,1478,11177,76.6,78.2,76.2,2021
47031,"Tennessee","Coffee",54931,4644,24967,74.6,74.7,74.3,2021
47033,"Tennessee","Crockett",45642,1454,9828,73.8,72.7,73.1,2021
47037,"Tennessee","Davidson",63846,73401,21382,77,74,77.7,2021
47043,"Tennessee","Dickson",59126,5072,33650,74.8,69.9,74.9,2021
47045,"Tennessee","Dyer",48770,2937,16432,73.1,70.1,73.3,2021
47047,"Tennessee","Fayette",67345,2772,30363,78.1,73,79.9,2021
47051,"Tennessee","Franklin",54319,3225,28579,76.1,73.2,75.9,2021
47053,"Tennessee","Gibson",46384,3864,23706,74.1,71.1,74.7,2021
47055,"Tennessee","Giles",50847,2454,21744,74.7,74.3,74.6,2021
47059,"Tennessee","Greene",44975,5997,44874,74.2,74.8,73.9,2021
47063,"Tennessee","Hamblen",46842,6764,13680,75.1,71.8,74.8,2021
47065,"Tennessee","Hamilton",57802,31498,33721,77.3,73.6,77.8,2021
47069,"Tennessee","Hardeman",40989,1803,21859,74.9,74.5,75.4,2021
47075,"Tennessee","Haywood",38950,1420,8908,73.5,72.3,74.5,2021
47077,"Tennessee","Henderson",46826,2453,21209,75.1,72.3,75.3,2021
47079,"Tennessee","Henry",43159,2518,21612,74.3,73,74.1,2021
47093,"Tennessee","Knox",60316,35532,47205,76.3,71.6,76.5,2021
47095,"Tennessee","Lake",34059,412,7832,72.4,73.6,71.4,2021
47097,"Tennessee","Lauderdale",43545,2223,16317,73.4,73.1,73,2021
47103,"Tennessee","Lincoln",54558,2966,24183,74.8,72.5,74.5,2021
47107,"Tennessee","McMinn",49836,4826,31538,74.4,73,74.2,2021
47109,"Tennessee","McNairy",45469,2332,22235,73.3,74.1,73.4,2021
47113,"Tennessee","Madison",50401,7824,25386,75.7,73.2,76.9,2021
47117,"Tennessee","Marshall",58151,2743,20153,75.5,73.3,75.4,2021
47119,"Tennessee","Maury",66434,7014,33672,76,73.3,76.1,2021
47125,"Tennessee","Montgomery",57606,14167,34022,75.6,73.8,75.5,2021
47131,"Tennessee","Obion",44061,2443,19588,75.5,71.3,75.8,2021
47141,"Tennessee","Putnam",49083,6938,25295,76.7,76.9,76.5,2021
47147,"Tennessee","Robertson",65790,6388,35289,75.9,70.8,76,2021
47149,"Tennessee","Rutherford",69614,25442,44699,77.6,76.2,77.5,2021
47157,"Tennessee","Shelby",52659,95082,25601,75.5,73.2,78,2021
47163,"Tennessee","Sullivan",51303,13179,40086,75.7,72,75.6,2021
47165,"Tennessee","Sumner",69391,13842,44792,78,76.3,77.9,2021
47167,"Tennessee","Tipton",61436,5047,33671,75.4,73.1,75.6,2021
47179,"Tennessee","Washington",51879,9898,32493,75.5,74.5,75.4,2021
47183,"Tennessee","Weakley",42506,2943,23466,75.9,72.9,76,2021
47187,"Tennessee","Williamson",119637,10181,35512,81.7,79.1,81.5,2021
47189,"Tennessee","Wilson",80080,9671,43850,78.3,75.4,78.4,2021
48001,"Texas","Anderson",48461,6023,39204,73.3,71,73.7,2021
48005,"Texas","Angelina",51750,12575,37383,76.3,71.5,76.3,2021
48015,"Texas","Austin",68311,3953,18853,78.8,77,78,2021
48021,"Texas","Bastrop",62627,12757,47360,78.3,77,77,2021
48025,"Texas","Bee",44171,3219,13693,75.9,75.1,76.4,2021
48027,"Texas","Bell",54831,40560,47113,78.2,75.4,77.9,2021
48029,"Texas","Bexar",58956,264129,77835,78.9,75.6,78.5,2021
48037,"Texas","Bowie",51207,9457,32791,75.3,73.5,75.6,2021
48039,"Texas","Brazoria",83704,42099,70552,79.4,78.1,77.9,2021
48041,"Texas","Brazos",54471,27612,23506,81,74.7,81.4,2021
48051,"Texas","Burleson",61745,2460,13175,77.4,74.3,77.7,2021
48055,"Texas","Caldwell",55301,6554,16099,77.3,74.6,76.6,2021
48061,"Texas","Cameron",40893,91749,34207,81,79.7,79,2021
48063,"Texas","Camp",47091,1799,7624,76.3,73.1,76.3,2021
48067,"Texas","Cass",44529,3280,22547,75.5,72.6,75.8,2021
48071,"Texas","Chambers",93351,4485,16046,78.2,75.8,77.3,2021
48073,"Texas","Cherokee",46576,7487,32057,75.9,74.1,75,2021
48085,"Texas","Collin",96847,91532,41016,82.7,80.4,81.8,2021
48089,"Texas","Colorado",55607,2865,13070,77.5,68.8,79.1,2021
48091,"Texas","Comal",87976,15299,50055,79.7,78.5,78.9,2021
48099,"Texas","Coryell",53083,7162,14643,77.3,80.4,75.9,2021
48113,"Texas","Dallas",61807,461559,16300,79.1,74.9,78.8,2021
48121,"Texas","Denton",90910,83386,45759,82,80.5,81.1,2021
48123,"Texas","DeWitt",52544,2196,9973,76.1,67.2,77.1,2021
48135,"Texas","Ector",65564,24498,12966,74.9,73.5,71.2,2021
48139,"Texas","Ellis",78341,23041,47838,78.6,76.2,77.8,2021
48141,"Texas","El Paso",48629,149061,17409,80.1,78.5,76.7,2021
48145,"Texas","Falls",41484,2116,12034,77.7,76.6,76.4,2021
48147,"Texas","Fannin",56123,4386,23920,75.4,72.6,75,2021
48157,"Texas","Fort Bend",101361,75326,32405,83,80.5,81.5,2021
48161,"Texas","Freestone",52511,2424,13173,76.4,77.4,75.7,2021
48167,"Texas","Galveston",73214,41375,17915,78,73.1,77.7,2021
48181,"Texas","Grayson",57439,18310,52159,76.1,72.8,75.6,2021
48183,"Texas","Gregg",53137,18003,16266,75.5,71.6,75.7,2021
48185,"Texas","Grimes",51651,3749,18331,76.7,73.4,76.7,2021
48187,"Texas","Guadalupe",78801,17326,34412,80,80.2,79.3,2021
48189,"Texas","Hale",49187,4871,8379,76.7,70,76.2,2021
48199,"Texas","Hardin",62616,6149,28163,75.9,67,76.2,2021
48201,"Texas","Harris",61638,789149,49653,79.9,74.8,79.2,2021
48203,"Texas","Harrison",55171,8302,36789,76.5,72.1,76.7,2021
48209,"Texas","Hays",72890,28256,49822,80.7,76.8,80.4,2021
48213,"Texas","Henderson",49896,12011,47206,74.9,71,74.2,2021
48215,"Texas","Hidalgo",41656,205562,39813,81.9,88.3,81.3,2021
48217,"Texas","Hill",53210,5426,26761,76.4,72.7,75.5,2021
48223,"Texas","Hopkins",50332,5645,20965,76,75.7,75.8,2021
48225,"Texas","Houston",43601,2776,17440,76.6,74.6,75.8,2021
48227,"Texas","Howard",61112,4026,7025,74.4,74.7,73.1,2021
48231,"Texas","Hunt",57513,13225,48776,76.4,70.1,76.2,2021
48241,"Texas","Jasper",47252,3905,27920,74.9,72,75,2021
48245,"Texas","Jefferson",55173,35700,21196,76.2,72.9,76,2021
48251,"Texas","Johnson",66538,22624,57165,77.1,77.4,76.3,2021
48253,"Texas","Jones",51094,1885,17202,78.2,90.2,77.1,2021
48257,"Texas","Kaufman",75009,16638,50453,76.6,74.2,75.9,2021
48277,"Texas","Lamar",47061,6921,23444,74.8,72,74.8,2021
48287,"Texas","Lee",59250,2385,11582,77.8,72.5,78.3,2021
48291,"Texas","Liberty",53274,12593,47827,74.1,74.2,72.7,2021
48293,"Texas","Limestone",43644,3208,12538,75.5,73.6,73.9,2021
48303,"Texas","Lubbock",54733,34738,31607,76.4,70.1,77,2021
48309,"Texas","McLennan",51078,32666,54855,77.8,73,78.1,2021
48313,"Texas","Madison",46274,1649,9210,75.9,77.5,74.4,2021
48315,"Texas","Marion",37876,1195,10546,74.5,74.2,74.1,2021
48321,"Texas","Matagorda",49276,5234,13366,75.9,72.1,74,2021
48329,"Texas","Midland",85811,19605,16824,78.7,72,78.2,2021
48331,"Texas","Milam",48989,3133,13909,76.7,70.1,76.8,2021
48339,"Texas","Montgomery",88833,74236,103571,79.7,77.4,78.9,2021
48343,"Texas","Morris",43304,1425,10143,74.3,73.6,73.7,2021
48347,"Texas","Nacogdoches",46207,9057,29978,77,74,76.4,2021
48349,"Texas","Navarro",48649,7443,25136,75.6,74.6,74.3,2021
48351,"Texas","Newton",45890,1688,14445,76.9,77.3,76.6,2021
48355,"Texas","Nueces",56079,53216,21935,78.4,73.8,77.2,2021
48361,"Texas","Orange",62976,9501,28783,74.3,71.4,73.9,2021
48365,"Texas","Panola",56882,2955,17304,75.7,72.6,75.8,2021
48367,"Texas","Parker",82501,16762,65578,78.6,83.8,78.2,2021
48373,"Texas","Polk",50416,6786,35258,73.7,73.2,72.9,2021
48375,"Texas","Potter",41138,20260,10892,73.8,70.5,72.1,2021
48381,"Texas","Randall",70694,12701,17355,79.2,76.8,78.7,2021
48387,"Texas","Red River",41325,1491,9739,74.2,70.6,73.9,2021
48395,"Texas","Robertson",47016,2371,12276,76.5,72.7,76.3,2021
48397,"Texas","Rockwall",105763,9519,12562,80.5,76.5,80.1,2021
48401,"Texas","Rusk",56036,7058,35130,77,74.2,77,2021
48405,"Texas","San Augustine",40094,1003,8865,75.7,72.9,76,2021
48407,"Texas","San Jacinto",42633,4237,26384,77.2,75,76.7,2021
48419,"Texas","Shelby",39708,4327,20214,74.9,74.3,73.7,2021
48423,"Texas","Smith",59538,34195,66286,78.1,74.6,77.8,2021
48439,"Texas","Tarrant",70130,293100,23304,79.3,76.6,78.6,2021
48441,"Texas","Taylor",54465,17085,21085,75.6,70.9,75.6,2021
48449,"Texas","Titus",49924,5304,16347,76.9,70.5,75.2,2021
48451,"Texas","Tom Green",54774,13316,17240,77.8,74.1,76.8,2021
48453,"Texas","Travis",80690,143223,55961,81.9,77.6,81.5,2021
48457,"Texas","Tyler",48254,2261,17006,75.7,72,75.5,2021
48459,"Texas","Upshur",53078,5698,31172,75.3,73,74.9,2021
48467,"Texas","Van Zandt",55554,7897,39444,76.6,80.8,76,2021
48469,"Texas","Victoria",57344,11467,23110,78.2,75.9,77.9,2021
48471,"Texas","Walker",47519,8209,30933,78.8,78.2,78.4,2021
48473,"Texas","Waller",61822,8174,26632,79.7,76.4,79.1,2021
48477,"Texas","Washington",59039,3987,18036,80.2,73.8,81.2,2021
48481,"Texas","Wharton",49901,6464,20597,77.3,72.2,77.8,2021
48485,"Texas","Wichita",51535,15060,14027,75.4,73.2,75.1,2021
48491,"Texas","Williamson",92661,49757,50679,82.1,79.7,81.3,2021
48499,"Texas","Wood",56945,5269,31137,76.6,75.2,76.2,2021
49011,"Utah","Davis",87610,17065,2818,80.7,76.9,80.6,2021
49035,"Utah","Salt Lake",79941,96276,9301,79.8,75.6,79.4,2021
49049,"Utah","Utah",79505,36806,17186,80.6,77.9,80.3,2021
49057,"Utah","Weber",71835,17639,13414,78.5,73.4,78.3,2021
50007,"Vermont","Chittenden",76483,5348,40680,81.8,76.5,81.8,2021
51001,"Virginia","Accomack",47335,3595,33164,76.8,74,77.8,2021
51003,"Virginia","Albemarle",86332,6922,44559,82.7,77.2,83,2021
51007,"Virginia","Amelia",60096,1209,12690,76.1,79.3,75.1,2021
51009,"Virginia","Amherst",56218,2579,20597,78,77,78,2021
51011,"Virginia","Appomattox",54609,1273,14973,77.4,73.5,78.3,2021
51013,"Virginia","Arlington",118986,12590,0,85.9,80.6,85.8,2021
51015,"Virginia","Augusta",63621,5208,48998,80.8,85.4,80.5,2021
51019,"Virginia","Bedford",66591,5588,53864,79,78,78.9,2021
51025,"Virginia","Brunswick",43835,1210,13164,74.9,73.9,75.4,2021
51029,"Virginia","Buckingham",47202,1412,17146,78.8,75.7,80.3,2021
51031,"Virginia","Campbell",48984,4540,33516,79.1,78.7,78.9,2021
51033,"Virginia","Caroline",64647,2461,22380,77.5,77.2,77.3,2021
51036,"Virginia","Charles City",56465,707,7256,75.3,76.9,74.1,2021
51037,"Virginia","Charlotte",43001,1177,12586,74.8,72.9,75.4,2021
51041,"Virginia","Chesterfield",81641,24775,18749,79.2,77.5,79.1,2021
51047,"Virginia","Culpeper",79739,4485,28911,77.9,75,77.9,2021
51049,"Virginia","Cumberland",52005,830,9650,79.3,77.3,80.4,2021
51053,"Virginia","Dinwiddie",58474,2273,19939,77.4,78.8,76.4,2021
51057,"Virginia","Essex",53538,886,8617,75.9,74.8,75.5,2021
51059,"Virginia","Fairfax",127898,75885,15079,85.6,84.1,84.7,2021
51061,"Virginia","Fauquier",103827,5055,37489,80.1,76.4,79.9,2021
51065,"Virginia","Fluvanna",75089,1853,16163,80.1,75.3,81.2,2021
51067,"Virginia","Franklin",61878,4312,50111,78.4,75.5,78.4,2021
51069,"Virginia","Frederick",83672,6429,35059,80.1,79.4,79.9,2021
51073,"Virginia","Gloucester",71715,2744,23820,77.1,75.7,77,2021
51075,"Virginia","Goochland",100444,1061,21064,81,76.3,82.2,2021
51081,"Virginia","Greensville",47315,599,10653,74.1,74.1,74.4,2021
51083,"Virginia","Halifax",42619,2517,27935,75.8,74.5,76.4,2021
51085,"Virginia","Hanover",90824,5432,39032,79.6,75.6,79.8,2021
51087,"Virginia","Henrico",68975,24590,13103,79.4,79,79.4,2021
51089,"Virginia","Henry",41908,4911,32881,76.1,77.6,75.5,2021
51093,"Virginia","Isle of Wight",78749,2256,20240,79.2,78.6,79.2,2021
51095,"Virginia","James City",92773,3777,10622,81.8,77.1,82.6,2021
51097,"Virginia","King and Queen",54185,678,6945,75,74.5,74.6,2021
51099,"Virginia","King George",85657,1434,17261,78.6,76.5,78.7,2021
51101,"Virginia","King William",73035,1178,13260,77.8,74.7,78.3,2021
51103,"Virginia","Lancaster",55072,754,11391,76.1,72.9,76.8,2021
51107,"Virginia","Loudoun",151806,21773,39354,84.7,82.9,83.8,2021
51109,"Virginia","Louisa",64135,3281,33153,78,76.3,78,2021
51111,"Virginia","Lunenburg",44860,1131,12914,75.6,72.3,77.7,2021
51117,"Virginia","Mecklenburg",43128,2258,25465,74.6,71.1,76.1,2021
51119,"Virginia","Middlesex",58834,678,10959,77.7,77.5,77.8,2021
51121,"Virginia","Montgomery",58740,7342,23528,80.2,77.1,79.9,2021
51125,"Virginia","Nelson",55804,1206,15020,78.3,76.6,78.1,2021
51127,"Virginia","New Kent",102619,1363,18429,78.5,78.5,78.4,2021
51131,"Virginia","Northampton",45235,1053,12389,76.4,72.6,77.6,2021
51133,"Virginia","Northumberland",60385,834,12330,80.1,75.1,81.2,2021
51135,"Virginia","Nottoway",45913,1301,8298,75,74.4,75.4,2021
51137,"Virginia","Orange",71691,2778,19345,77.7,76.3,77.8,2021
51143,"Virginia","Pittsylvania",51682,5165,54380,76.7,74.2,77.1,2021
51145,"Virginia","Powhatan",94293,1882,27955,80.1,80.4,79.8,2021
51147,"Virginia","Prince Edward",44586,1745,14771,76.6,73.2,78.8,2021
51149,"Virginia","Prince George",74518,2101,19078,81,82.8,79.2,2021
51153,"Virginia","Prince William",106208,42521,16748,82.4,80.4,81.6,2021
51155,"Virginia","Pulaski",54086,2166,16356,75.9,73.7,75.9,2021
51159,"Virginia","Richmond",49758,608,9254,75.8,70.4,78.1,2021
51161,"Virginia","Roanoke",71742,5310,17127,79.3,79.5,79,2021
51165,"Virginia","Rockingham",67242,6756,45279,80.7,78.4,80.5,2021
51175,"Virginia","Southampton",62327,1155,18192,78.1,77.1,78.6,2021
51177,"Virginia","Spotsylvania",90262,10094,39568,79.7,79.2,79.1,2021
51179,"Virginia","Stafford",109090,8348,25476,80.1,79.5,79.5,2021
51181,"Virginia","Surry",59069,446,7058,78,78.9,77.3,2021
51183,"Virginia","Sussex",45134,784,12087,74.9,77.9,72.9,2021
51187,"Virginia","Warren",69878,3382,18941,75.8,77.9,75.4,2021
51193,"Virginia","Westmoreland",54885,1457,13761,77,79.2,75.4,2021
51195,"Virginia","Wise",42372,3062,23491,73.1,73.8,72.7,2021
51199,"Virginia","York",91535,3580,3993,82.2,80.2,82.2,2021
51510,"Virginia","Alexandria City",102589,14327,0,84.1,79.7,84.9,2021
51540,"Virginia","Charlottesville City",58717,3794,0,79.8,74.5,81.2,2021
51550,"Virginia","Chesapeake City",77361,14337,16948,78.6,77.7,78.6,2021
51570,"Virginia","Colonial Heights City",57688,1250,0,75,68.1,75.2,2021
51590,"Virginia","Danville City",36073,3119,1944,72,71.5,72.4,2021
51620,"Virginia","Franklin City",45433,502,279,70.7,68.5,74,2021
51630,"Virginia","Fredericksburg City",62121,2372,283,77.8,75.2,78.3,2021
51650,"Virginia","Hampton City",55816,8896,342,76.6,76.1,76.4,2021
51660,"Virginia","Harrisonburg City",48189,5580,0,80,77,79.6,2021
51670,"Virginia","Hopewell City",38293,1987,0,71.1,72.5,69.7,2021
51680,"Virginia","Lynchburg City",50612,5776,2034,76.3,72.1,78,2021
51683,"Virginia","Manassas City",84405,5069,0,78.4,77.2,77,2021
51685,"Virginia","Manassas Park City",83145,2288,0,86.5,76,80.6,2021
51690,"Virginia","Martinsville City",37814,939,0,67.9,66.6,68.3,2021
51700,"Virginia","Newport News City",53022,14119,51,76.8,73.8,78.1,2021
51710,"Virginia","Norfolk City",52437,20371,0,75.4,72.5,76.9,2021
51730,"Virginia","Petersburg City",40240,2736,683,67.4,68.9,61.4,2021
51740,"Virginia","Portsmouth City",50411,7221,0,74.6,72.9,76.1,2021
51750,"Virginia","Radford City",41530,1055,481,76.9,75.5,77,2021
51760,"Virginia","Richmond City",50949,22752,0,77.4,73.1,82.6,2021
51770,"Virginia","Roanoke City",45534,9607,6,74,73.5,73.7,2021
51775,"Virginia","Salem City",54888,1296,0,75.5,73.3,75.6,2021
51790,"Virginia","Staunton City",54296,1654,877,75.4,76.5,75.1,2021
51800,"Virginia","Suffolk City",77847,5677,18298,78.1,76.7,78.7,2021
51810,"Virginia","Virginia Beach City",78491,31056,6721,80.5,77.9,80.5,2021
51820,"Virginia","Waynesboro City",44619,1962,531,76.2,77.5,75.7,2021
51830,"Virginia","Williamsburg City",56569,750,0,82.6,76.8,84.2,2021
51840,"Virginia","Winchester City",60254,2844,0,78,75.4,77.7,2021
53005,"Washington","Benton",72847,13948,18518,80.4,84.8,80.1,2021
53011,"Washington","Clark",80407,25594,58566,80.1,77.2,79.8,2021
53021,"Washington","Franklin",63575,8733,10422,81,76.6,80.2,2021
53029,"Washington","Island",72173,3687,36816,81.2,89.5,80.7,2021
53033,"Washington","King",102338,110135,61938,82.4,77.6,82.1,2021
53035,"Washington","Kitsap",79268,11206,42044,80.1,75.9,80,2021
53053,"Washington","Pierce",78779,46055,52411,79,76.1,79,2021
53061,"Washington","Snohomish",89119,44971,77179,80.5,83.3,79.7,2021
53063,"Washington","Spokane",59976,24845,64424,78.6,77.4,78.5,2021
53067,"Washington","Thurston",77890,13637,52947,80.2,78.7,80,2021
53073,"Washington","Whatcom",68656,13046,52042,81.3,79.9,81.4,2021
53077,"Washington","Yakima",55674,30215,57206,77.9,72.3,77.2,2021
54003,"West Virginia","Berkeley",63012,6736,32944,75.7,73.7,75.5,2021
54011,"West Virginia","Cabell",42125,5038,20765,71.3,67.4,71.4,2021
54019,"West Virginia","Fayette",41430,2380,26644,73.2,72.5,73,2021
54037,"West Virginia","Jefferson",75225,2602,25879,78,73.8,78.1,2021
54039,"West Virginia","Kanawha",48334,10296,48629,73.3,70.8,73.2,2021
54049,"West Virginia","Marion",51300,2864,23404,76.1,69.7,76.1,2021
54055,"West Virginia","Mercer",41794,3617,25361,72.7,70.5,72.6,2021
54061,"West Virginia","Monongalia",55652,5888,25839,79.6,79.6,79.3,2021
54069,"West Virginia","Ohio",50390,1661,10263,75.8,73.9,75.8,2021
54081,"West Virginia","Raleigh",45386,3655,30959,72.4,72.4,72.4,2021
55025,"Wisconsin","Dane",77828,19748,60179,81.8,73.7,82,2021
55027,"Wisconsin","Dodge",61730,3334,43174,78.6,70.4,78.4,2021
55059,"Wisconsin","Kenosha",66460,8550,17846,78.2,71.1,78.3,2021
55063,"Wisconsin","La Crosse",59758,3837,19291,79.9,67.1,80,2021
55079,"Wisconsin","Milwaukee",53505,58536,1820,76.9,71.7,78.6,2021
55087,"Wisconsin","Outagamie",66994,8152,43712,80,76.2,80.3,2021
55101,"Wisconsin","Racine",61691,9005,23992,78.3,71.5,79.2,2021
55105,"Wisconsin","Rock",61624,8190,32734,78.2,72.8,78.2,2021
55117,"Wisconsin","Sheboygan",62108,4551,32671,79.8,79.3,79.8,2021
55131,"Wisconsin","Washington",81928,4073,40601,80.9,75.1,81,2021
55133,"Wisconsin","Waukesha",91070,10339,38445,81.6,76.7,81.5,2021
55139,"Wisconsin","Winnebago",59643,6426,22429,79.8,77,79.9,2021
56021,"Wyoming","Laramie",69613,6857,18150,78.4,75,78.4,2021
